bsno,ISBN,丛书名,书名,图片,定价,出版日期,作者,内容简介,目录,作者介绍,开本,页数,字数,版次,装订方式,精彩样张,读者对象, 
7642,ISSN 1002-5553,《英语学习》全年订阅,英语学习 2011年全年订阅,ISSN 1002-5553.jpg,72,2011-12-30,《英语学习》杂志社 编,内有《英语学习》2011年1-12月份杂志，共12本。,,,16开,0,,1版1次,平,,"大学,高中,英语专业,自学", 
7644,ISSN 1002-5553,《阳光英语》全年订阅,阳光英语 2011年全年订阅,ISSN 1002-5553.jpg,72,2011-12-30,《英语学习》杂志社 编,内有《阳光英语》2011年1-12月份杂志，共12本。,,,16开,0,,1版1次,平,,"初中,大学,高中,自学", 
7646,ISSN 1002-5553,《新锐空间》全年订阅,新锐空间 2011年全年订阅,ISSN 1002-5553.jpg,144,2011-12-30,《英语学习》杂志社 编,内有《新锐空间》2011年1-12月份杂志，共12本。,,,16开,0,,1版1次,平,,"初中,大学,高中,自学", 
7684,ISSN 1002-5553,,阳光英语 2011年第1期,ISSN 1002-5553.jpg,6,2010-12-31,《英语学习》杂志社,,"1 卷首语<br><br>观天下<br>特别关注<br>4  The Tale of World-famous Twins<br>明星双胞胎拾趣<br>13  The World’s Largest Twins Day Festival <br>世界最大双胞胎节<br><br><br>14 新闻万花筒 （耳机标志）<br>Are You Sitting Comfortably? Ask the Chair<br>会“说话”的椅子<br>Harry Potter Blamed for India’s Disappearing Owls<br>《哈利&#8226;波特》致印度猫头鹰减少<br>One in Four Britons Still in Touch with Their Childhood Best Friends<br>英国人：儿时挚友常联系<br><br>科技自然  <br>20  Sunspot<br>太阳黑子的秘密<br><br><br>历史瞬间<br>24 On Safari with Theodore Roosevelt<br>和西奥多&#8226;罗斯福一起狩猎<br><br>环球采风<br>29 《世界在我的背包里》节选5<br><br><br>文苑  （耳机标志）<br>33 Treasure Island （Excerpt）<br>金银岛（节选）<br><br>品味人生 （耳机标志）<br>29 Snow Day 雪天<br><br><br>娱乐直通车<br>41 阳光DJ<br>Sally Seltmann with Sound of Angelic Sweetness<br>萨莉&#8226;塞尔特曼：像天使一样歌唱<br><br>46 新片快递<br>Season of the Witch 女巫季节<br>The Green Hornet 青蜂侠<br>From Prada to Nada 从普拉达到纳达<br><br><br>48 酷人酷事<br>Taylor Momsen—Madonna’s Material Girl<br>泰勒&#8226;墨森：麦当娜的“拜金女孩”<br><br><br>英语加油站<br>16看电影学口语<br>She’s Out of My League 《我配不上她》<br><br>50 作文课堂<br>My Summer Holiday  我的暑假<br><br>52 英语咖啡馆<br>Pilates  普拉提<br><br>53 轻松学单词<br>go green & green wedding<br><br>54 日常会话  （耳机标志）<br>Engaged <br>订婚<br><br>56 每日一学<br><br>62 赛场内外<br>你有你的风采",,16开,0,,1版1次,平,,"初中,大学,高中,自学", 
7683,ISSN 1002-5553,,新锐空间 2011年第1期,ISSN 1002-5553.jpg,12,2010-12-31,《英语学习》杂志社,,"4 One Vision, One World新锐视角  medium  音频1<br>Website Tells Germans Where to Pick Free Fruit 德国“偷水果”网站<br>Want to Live Longer? Get a Grip! 握手有力更长寿<br>Men More Likely to Grant Loved One’s Wishes at 6pm 男人下午6点最听话<br>Paris Metro Body Heat to Help Warm Building 巴黎：地铁人体热量供暖<br><br>8 Movie电影    medium 音频2<br>A Man and His Dream: Christopher Nolan and Inception<br>亦真亦幻的梦境之旅：克里斯托弗&#8226;诺兰和《盗梦空间》<br><br>16  Smart & Sharp科技先锋 medium 音频3<br>Cybertecture Mirror Cybertecture 高科技神奇魔镜<br>Special Door Designed to Protect You During Earthquakes 特殊概念抗震门<br><br>18 Savvy Health魅力健康 medium 音频4<br>What Your Nails Say about Your Health 指甲：健康晴雨表<br><br>21 Happy Hour片刻轻松 easy<br><br>22  Fabric of Fashion 时尚解构  medium <br>Levi’s: The Legend of Denim  李维斯：牛仔世界的传奇<br><br>26 In Taste食尚 easy<br>Borscht—Red Bowl Full of Winter Comfort 罗宋汤——温暖冬日的红菜汤<br><br>28 Lifestyle生活方式    medium 音频5<br>Slow City, Slow Life 慢城，慢生活<br><br>34 Finance Tidbits趣话金融  medium 音频6<br>Wall Street: Money Never Sleeps  《华尔街：金钱永不眠》<br><br>38 Career Code职场密经 difficult 音频7<br>Managing the Beast: Learning to Live with a Corporate Bureaucracy <br>驯兽经：与公司官僚作风共存<br><br>40 Ask Art 洋洋得艺  medium<br>The Art of Ballet  芭蕾艺术之魅  <br><br>44 Global Panorama世界掠影 medium<br>The Castle Built Up on a Dream 梦，圆在赫氏古堡<br><br>47 The Racy Read原味阅读   medium 音频8<br>The Time Traveler’s Wife 时间旅行者的妻子<br><br>52 Cultural Channel彼岸故事<br><br>English Express 英语快车<br>54 Everyday Talk 日常对话 easy 音频9<br><br>56 Melodrama 都市情景剧 medium 音频10<br><br>59 Language Watch 鲜活英语 easy<br><br>60 Workplace Comics职场漫画 easy<br><br>61 Note-Book新锐笔记",,16开,0,,1版1次,平,,"初中,大学,高中,自学", 
7682,ISSN 1002-5553,,英语学习 2011年第1期,ISSN 1002-5553.jpg,6,2010-12-31,《英语学习》杂志社,"由北京外国语大学主办的月刊英语杂志，本刊为2010年第12期。 <br>本刊首创英语读物难度等级划分，它既有利于读者根据自己的水平循序渐进地提高英语水平，又有助于学习者把握自己的英语阅读进度，扩展有关知识。B（beginning）级适合于掌握近2000单词的高中学生及广大英语学习者。I（intermediate）级适合于拥有3000左右词汇的普通高校的低年级学生或同等水平的英语学习者。C（college）级适合于大学英语专业一二年级水平，词汇量在4000至5000上下的学习者。A（advanced）级为大学英语专业三四年级以上水平，词汇量超过6000的英语学习者。","the brave new world  缤纷世界<br>4 Sense and Nonsense<br>6 飞机餐难吃怪噪音/ 香港麦当劳将推“麦式婚礼”服务 / “呜呜祖拉”、“漏油监控摄像头”和“反驳批判”当选2010年度最热词汇 / 智能售货机“看脸”推荐饮料<br><br>in the spotlight  聚光灯下<br>10  As Populations Age… <br>老龄化危机     【 I 】            <br>14  The Diaries of Sofia Tolstoy           <br>索菲亚&#8226;托尔斯泰的日记【 C 】	                 <br><br>   outlook  瞭望台<br>23 Green Preening  <br>   绿色“炫”风 【 I 】                    <br>26 Later                                   <br>　 你为何总是拖延？  【 C 】                      <br><br>interview  访谈录<br>18  Higher Education in a Globalized Era          <br>全球化时代的高等教育【 I 】                        <br>　　<br>tales of life  人生纪事<br>30	Empty Nest    （录音）<br>空巢 【 I 】               <br>32  My Friendship with John Cheever   （录音）     <br>我与约翰&#8226;契弗的友谊	【 I 】                          <br><br>assorted articles 蝶翼文丛 <br>                                             <br>58  America and the “Fun” Generation  <br>美国与“玩乐”的一代【I 】                                                                                   <br>61 Too Old, Too Fast  （录音）<br>　　别了，我的童年   【 I 】      <br>64 Inside the Billionaire Service Industry        <br>解密超级富豪服务业 【 C 】                    <br>68  Wisdom Keeper   （录音）<br>智慧的守护者     【 I 】<br><br>classic prose  经典文选<br>47	Talking About Our Troubles            <br>诉苦  【 A 】                <br>             <br>literary corner  文学角<br>36 Rainbow Revelation<br>彩虹的启示<br>39	Three Questions <br>三个问题   【 I 】         <br>　　<br>42  影视文化笔记：亨利八世与英国电影<br>50  汉玉精雕：《孟子》选<br>55  他山之石：街头艺术：丑小鸭，还是天鹅？                    <br>                    <br>about the language  英语杂谈<br>72  短文两则<br>74  词语故事：色彩的故事：彩虹的所有颜色，外加brown<br><br>谐趣角<br>77  What the Great Ate<br>名人都爱吃什么    【 I 】",,16开,0,,1版1次,平,,"大学,高中,英语专业,自学", 
7641,ISSN 1002-5553,《英语学习》全年订阅,英语学习 2010年全年订阅,ISSN 1002-5553.jpg,72,2010-12-30,《英语学习》杂志社 编,内有《英语学习》2010年1-12月份杂志，共12本。,,,16开,0,,1版1次,平,,"大学,高中,英语专业,自学", 
7645,ISSN 1002-5553,《新锐空间》全年订阅,新锐空间 2010年全年订阅,ISSN 1002-5553.jpg,144,2010-12-30,《英语学习》杂志社 编,内有《新锐空间》2010年1-12月份杂志，共12本。,,,16开,0,,1版1次,平,,"初中,大学,高中,自学", 
7643,ISSN 1002-5553,《阳光英语》全年订阅,阳光英语 2010年全年订阅,ISSN 1002-5553.jpg,72,2010-12-30,《英语学习》杂志社 编,内有《阳光英语》2010年1-12月份杂志，共12本。,,,16开,0,,1版1次,平,,"初中,大学,高中,自学", 
7672,ISSN 1002-5553,,英语学习 2010年第12期,ISSN 1002-5553.jpg,6,2010-12-2,《英语学习》杂志社,"由北京外国语大学主办的月刊英语杂志，本刊为2010年第12期。 <br>本刊首创英语读物难度等级划分，它既有利于读者根据自己的水平循序渐进地提高英语水平，又有助于学习者把握自己的英语阅读进度，扩展有关知识。B（beginning）级适合于掌握近2000单词的高中学生及广大英语学习者。I（intermediate）级适合于拥有3000左右词汇的普通高校的低年级学生或同等水平的英语学习者。C（college）级适合于大学英语专业一二年级水平，词汇量在4000至5000上下的学习者。A（advanced）级为大学英语专业三四年级以上水平，词汇量超过6000的英语学习者。","the brave new world 缤纷世界<br><br>4 Sense and Nonsense<br>6 30岁就来“中年危机”/ 脑部扫描新发现：夫妻之间有“第六感” / 狗的乐观主义和悲观主义？ / 智能厕所：如厕顺便体检<br><br>in the spotlight 聚光灯下<br>10 Remembering Larry King<br>怀念拉里&#8226; 金【 C 】<br>14 The Giving Pledge and Its Potential Impact<br>“捐赠宣言”：慈善的复杂 【 C 】<br><br>outlook 瞭望台<br>22 The End of Solitude<br>独处的终结 【 C 】<br>26 How to Shrink a City<br>城市瘦身【 C 】<br><br>interview 访谈录<br>17 China’s Cultural Anxiety<br>中国的文化焦虑 【 I 】<br><br>***************************************<br>tales of life 人生纪事<br>31 Anything for a Buck   音频<br>锱铢必较【 I 】<br>34 In Defense of Clutter   音频<br>捍卫男人的“破烂堆”【 I 】<br><br>assorted articles 蝶翼文丛<br>58 Shelf Life             音频<br>货架人生 【 I 】<br>60 Dear Sir or Madam<br>尊敬的先生/ 女士【 C 】<br>62 Dictating a Masterpiece<br>口述杰作 【 C 】<br>66 Travel Solo, Never Alone  音频<br>独行且独吟 【 I 】<br>68 Six Ugly Secrets of the Cosmetics Counter<br>化妆品专柜的玄机【 C 】<br>71 Being a Teenage History Buff<br>小小历史迷【 I 】<br><br>***************************************<br>classic prose 经典文选<br>37 Photography and Realism（Excerpt）<br>摄影与现实主义（节译）【A】<br><br>literary corner 文学角<br>40 Song of Myself（Section 11）<br>自我之歌（第11 节）<br>43 My Dear Friend Agatha<br>我亲爱的朋友阿加莎【 I 】<br><br>**************************************<br>45 影视文化笔记：<br>Reality, Dream, Movie<br>50 杂文英译：“孩奴”，一个被庸常算计裹挟的流行词<br>54 他山之石: 威士忌和艺术节<br><br>about the language 英语杂谈<br>74 短文两则<br>76 词语故事：色彩的故事：胆小的黄色和让人害怕的黄色<br>78 谐趣角",,16开,0,,1版1次,平,,"大学,高中,英语专业,自学", 
7673,ISSN 1002-5553,,新锐空间 2010年第12期,ISSN 1002-5553.jpg,12,2010-12-2,《英语学习》杂志社,,"新锐空间12月刊目录<br>Special Reports 特别关注<br><br>8  Society 社会  difficult （耳机2）  <br>The Fashionable Flash A New Smile<br>牙缝超模傲视T台<br>时尚界正在掀起一股逆流，牙齿稀疏的美人走俏起来。随着老佛爷Karl Lagerfeld一声令下，“牙缝女”们的春天集体到来，全世界开始为“牙缝Icon”倾倒。<br><br>14	Movie 电影  medium<br>Shrek Forever After: An Ogre in Midlife Crisis<br>《怪物史莱克4》——怪物的中年危机<br>“英俊潇洒的王子与温柔可人的公主一见钟情，共同经历无数磨难，从此过上了幸福的生活。”——2001年，这一迪斯尼童话的经典模式受到了《怪物史莱克》的挑战，因为，史莱克不过是个惰性十足、性格古怪、毫无远大理想的绿色大怪物。不仅如此，《怪物史莱克》还调侃了许多经典的童话角色和桥段……就这样，怪物史莱克系列以其特有的幽默巧妙地赢得了孩子和大人们的喜爱。<br><br>如今，影迷们期盼已久的《怪物史莱克》终结篇《怪物史莱克4》终于以3D的面貌登场了。在这一部中，史莱克的人生发生了天翻地覆的改变。他能够找回自己的幸福生活么？<br><br>26	People 人物  medium <br>2010 Top Five Most Influential Women in the West<br>女性力量2010——西方年度最具影响力女性Top 5<br><br><br>4	One Vision, One World 新锐视角  medium （耳机1） <br><br>21  Happy Hour 片刻轻松  easy<br><br>22  Finance Tidbits  趣话金融 (耳机3)  difficult<br>Toxic Debts & Toxic Assets<br>有毒债务和资产<br><br>34  Savvy Health  魅力健康 (耳机4) medium<br><br>36  Career Code  职场密经  (耳机5)  medium<br><br>38  Fabric of Fashion  时尚解构   medium<br>斯特拉&#8226;麦卡特尼是含着金汤匙出生的“星二代”，她更是一位鼎鼎大名的天才设计师。作为重量级的fashion icon（时尚偶像），她曾先后效力于克罗伊和古奇旗下，最终自立门户，创立起自己的品牌。她的成功，绝不仅是靠披头士老爸那样简单，还有她厚积薄发的定力、非主流的时尚眼光和不断挑战自我的进取心。<br><br>44  The Racy Read  原味阅读   medium<br><br>50  Smart & Sharp  科技先锋  (耳机6)  medium<br><br>52  In Taste  食尚  medium<br><br>54  Culture Channel  纵横东西  <br><br><br><br>English Express  英语快车<br>56  Everyday Talk  日常对话    (耳机7)  easy<br>58  Melodrama  都市情景剧   (耳机8)  medium<br>61  Language Watch  鲜活英语   easy<br>62  Workplace Comics 职场漫画    medium<br>63  Note-Book  新锐笔记",,16开,0,,1版1次,平,,"初中,大学,高中,自学", 
7674,ISSN 1002-5553,,阳光英语 2010年第12期,ISSN 1002-5553.jpg,6,2010-12-2,《英语学习》杂志社,,"1 卷首语<br>观天下<br>特别关注<br>4   Fairy Tales Fancy 童话故事的奇幻世界   （耳机标志）<br>8   The Story of Hans Christian Andersen: The Master of Fairy Tales  （只放文字）<br>童话大师安徒生的故事   <br>11  Charles Perrault “法国儿童文学之父”查尔斯&#8226;佩罗<br>12  Brothers Grimm 德国童话鼻祖：格林兄弟<br>13  Lewis Carroll 英国奇幻童话家：刘易斯&#8226;卡罗尔<br>14  新闻万花筒  （耳机标志）<br>    Bats Have Regional Accents<br>蝙蝠也说“方言”<br>British Children’s Pocket Money Falls to 7-Year Low<br>英国儿童零花钱降至七年最低<br>CarLashes: The Fanciest Car Accessory<br>汽车睫毛：汽车装饰新花样<br>环球采风<br>22  Enjoy Carefree Feeling at Osaka Cat Café  （耳机标志）<br>享受轻松好心情，就在猫咪咖啡馆<br>25  《世界在我的背包里》节选4<br>科技&#8226;自然<br>28  Static Electricity: A Spark of Interest  （只放文字）<br>静电：兴趣的火花<br>娱乐直通车<br>32 阳光DJ<br>   Lady Antebellum: Warm Country Music’s Pop-Phenoms<br>新晋“战前女神”：乡村音乐暖人心<br>39 新片快递<br>Black Swan 黑天鹅 / The Tourist 游客<br>Country Strong 乡谣情缘(又译“乡谣情怀”)<br>品味人生   （耳机标志）<br>40  Love Begets Love 让爱生爱<br>历史瞬间<br>42  Julius Caesar: A Legend that Changed History<br>尤利乌斯&#8226;凯撒：改变历史的传奇<br>文苑    （耳机标志）<br>50  Anne of Green Gables (Excerpt) 绿山墙的安妮 (节选)<br>快乐进行时<br>24  轻松片刻<br>Brainteasers 脑筋急转弯<br>英语加油站<br>16  看电影学口语   （只放文字）<br>Everybody’s Fine《天伦之旅》<br>54  英语咖啡馆<br>LOMO 乐魔族<br>55  轻松学单词<br>hang out<br>56  作文课堂<br>My Military Training Experience 我的军训经历<br>58  日常会话    （耳机标志）<br>Part Time Job 做兼职<br>60  每日一学",,16开,0,,1版1次,平,,"初中,高中,自学", 
7669,ISSN 1002-5553,,新锐空间 2010年第11期,ISSN 1002-5553.jpg,12,2010-11-1,《英语学习》杂志社,,"Special Reports 特别关注<br>10  Society 社会（耳机3） medium<br>Groupon: Collective Buying Power<br>Groupon：团购的力量<br>“凑够人数就能享受无敌折扣，邀请朋友一起来买吧！”听起来是不是有点耳熟？近来，国内的团购网站“疯狂蔓延”。短短几个月，国内团购网站已多达上千家，有网友戏称“千团大战”。 然而，打开各大团购网站，界面都与美国大受追捧的团购网站Groupon有似曾相识之感。<br>Groupon集合电子商务、社交网络和广告平台三种功能于一身，已经成为全球互联网领域最热门的商业模式之一。《福布斯》杂志称其为成长速度最快的互联网公司。一起来看看Groupon及其创始人Andrew Mason的传奇吧！<br><br><br>26  Lifestyle  生活方式  medium<br>The ABCs of E-Reading<br>    电子书——全新阅读体验<br>电子书的普及，为我们带来了全新的阅读体验。你可以在等候就诊时在智能手机上阅读电子书，也可以躺在浴缸泡澡时用套着防水保护袋的Kindle享受悠闲的阅读时光，或者将索尼阅读器的字体调到最大，在跑步机上边跑边看。而在通勤者看来，电子阅读器已开始赶上黑莓，成为搭乘火车和巴士时最好的伴侣……<br><br>Regular Sections<br><br>4	One Vision, One World 新锐视角 （耳机1） medium<br><br>8  Smart & Sharp 科技先锋 （耳机2） easy<br><br>18 Savvy Health  魅力健康 （耳机4） easy<br>Five Ways to Tell If Someone Is Lying <br>五招识破谎言<br>如果你看过美剧《千谎百计》（Lie to Me），一定会觉得剧中的故事不可思议：通过观察一个人的面部表情、肢体语言和语音语调，男主角Lightman博士就能判断他/她是否在说谎，以及为什么说谎。其实，只要掌握一些基本技巧，你也能识破生活中的谎言哦！<br><br>20  The Racy Read  原味阅读  (耳机5) difficult<br>Moby Dick<br>大白鲸<br><br>32  Ask Art 洋洋得艺 medium<br>JAZZ: An Expression of Life<br>爵士乐：生命的表达 <br><br><br>36  Fabric of Fashion 时尚解构  medium<br>    Coach Handbag—A Lasting American Style <br>蔻驰手包——永恒的美国风<br><br>39  In Taste  食尚  （耳机6）medium<br>Martini—King of Cocktails<br>马提尼——鸡尾酒之王<br><br>42  Global Panorama 世界掠影  easy<br>    <br>46  All Star  星闻 easy<br><br>47  Finance Tidbits  趣话金融  （耳机7）difficult<br>     <br>50  Career Code  职场密经 medium<br><br>52  Culture Channel 纵横东西 <br><br><br>54  Everyday Talk  日常对话    (耳机8)  easy<br>56  Big City, Small World  都市情景剧   (耳机9)  easy<br>59  Language Watch  鲜活英语   easy<br>60  Workplace Comics 职场漫画 easy<br>61  Note-Book  新锐笔记",,16开,0,,1版1次,平,,"初中,大学,高中,自学", 
7667,ISSN 1002-5553,,英语学习 2010年第11期,ISSN 1002-5553.jpg,6,2010-11-1,《英语学习》杂志社,"由北京外国语大学主办的月刊英语杂志，本刊为2010年第11期。 <br>本刊首创英语读物难度等级划分，它既有利于读者根据自己的水平循序渐进地提高英语水平，又有助于学习者把握自己的英语阅读进度，扩展有关知识。B（beginning）级适合于掌握近2000单词的高中学生及广大英语学习者。I（intermediate）级适合于拥有3000左右词汇的普通高校的低年级学生或同等水平的英语学习者。C（college）级适合于大学英语专业一二年级水平，词汇量在4000至5000上下的学习者。A（advanced）级为大学英语专业三四年级以上水平，词汇量超过6000的英语学习者。","the brave new world  缤纷世界<br>4 Sense and Nonsense<br>6 表达谢意用“Cheers”/ 浪漫喜剧影响大众爱情观 / 左撇子领袖更受欢迎 / 休短假比休长假更开心<br><br>in the spotlight  聚光灯下<br>10  Alex “Hurricane” Higgins: Transformer of Snooker<br>　　斯诺克的变革者：“飓风”亚历克斯&#8226;希金斯     【 C 】            <br>14  How Much Does a Gallon of Gas Cost?  <br>　　1加仑汽油的代价【 I 】	                      <br><br>   outlook  瞭望台<br>22 Is Google Killing General Knowledge?  <br>   有了谷歌，没了常识？【 C 】                    <br>26 The Beauty Advantage<br>　　美貌的好处 【 C 】                      <br>29 The Importance of Being Famous<br>   出名的重要性  【 C 】<br><br>interview  访谈录<br>17  China Seeks to Improve Its International Image<br>　　中国致力于改善其国际形象【 I 】                        <br>　　<br>***************************************<br><br>tales of life  人生纪事<br>32	Daddy Can Fix the Broken Moon（录音）                      <br> 	月亮破了，爸爸能补【 I 】               <br>34 Panel Discussions      <br>　　专题讨论会	【 I 】                          <br>38	Treasure at the Bottom of the Garden  （录音）  <br>    花园尽头的宝藏   【 I 】                                                             <br>41  Cutting Grass  （录音）<br>　　割草随想   【 I 】<br><br><br>assorted articles 蝶翼文丛 <br>                                             <br>66  “Talk, Talk, Talk”<br>　   舌战堪萨斯城【 I 】                                                                                   <br>70	Napping, a Love Story （录音）<br>　　小憩之乐   【 C 】      <br>72  Counter Argument  <br>　　化妆品专柜前的斗争  【 C 】                         <br><br>***************************************<br><br>classic prose  经典文选<br>56	As To Rumors (Excerpt)<br>关于谣言（节译）  【 A 】                <br>             <br>literary corner  文学角<br>44	A Sight in Camp in the Daybreak Gray and Dim<br>　　黎明时军营中的一景<br>46  A Piece of Red Calico <br>　　一块红棉布   【 I 】         <br>　　<br>***************************************<br><br>51  影视文化笔记：《2012》与西方意识形态 <br>58  汉玉精雕：《孟子》选<br>62  他山之石：布莱克的伦敦                    <br>  <br>about the language  英语杂谈<br>75  短文两则<br>77  词语故事：色彩的故事：黄书与黄色新闻",,16开,0,,1版1次,平,,"大学,高中,英语专业,自学", 
7670,ISSN 1002-5553,,阳光英语 2010年第11期,ISSN 1002-5553.jpg,6,2010-11-1,《英语学习》杂志社,,"1.卷首语<br>观天下 <br>特别关注<br>The Toy Story Story  玩具总动员：温情的童趣世界<br>4  Toy story3: The Perfect Way to Conclude a Legacy《玩具总动员3》：传奇的完美落幕<br>6John Lasseter : The Man Behind Toy Story 约翰&#8226;拉塞特：《玩具总动员》的缔造者<br>10  Pixar—The New Magic Kingdom  皮克斯——新的神奇王国<br>14新闻万花筒<br>Paul the Octopus Backs England 2018 Bid<br>章鱼保罗成英格兰申办世界杯大使<br>Historians Locate King Arthur’s Round Table<br>亚瑟王圆桌并非“圆桌”<br>Scaling Buildings like Spiderman Could Be a Reality, Scientists Claim<br>蜘蛛侠外衣有望成真<br>环球采风<br>22 Top 5 Precarious Buildings  世界五大“岌岌可危”建筑<br>26《世界在我的背包里》   节选3<br>品味人生<br>30 A Thousand Marbles  1000颗玻璃弹珠<br>科技&#8226;自然<br>33 The Mysterious Sailing Stones of Death Valley 神秘的死亡谷风帆石<br>历史瞬间<br>36 A Portrait of Thomas Edison 托马斯&#8226;爱迪生纪事<br>文苑<br>40  The Count of Monte Cristo基督山伯爵<br>娱乐直通车<br>44 阳光DJ<br>Christina Aguilera: The American Iconic Pop Diva 克里斯蒂娜&#8226;阿吉莱拉：美国流行音乐女神<br>50 酷人酷事<br>Taylor Lautner  泰勒&#8226;洛特纳：好莱坞最红的“狼人”小生<br>52 新片快递<br>Megamind 超级大坏蛋/ Due Date 预产期/ Morning Glory 早间主播<br>快乐进行时<br>53 轻松片刻<br>英语加油站<br>16 看电影学口语<br>Remember Me《记住我》<br>54 英语咖啡馆<br>fitness ball  健身球<br>55 轻松学单词<br>cool 与cold<br>56 日常会话<br>Proverbs 谚语<br>58 作文课堂<br>The World Would Be Better off without Exams<br>60 每日一学",,16开,0,,1版1次,平,,"初中,高中,自学", 
7662,ISSN 1002-5553,,英语学习 2010年第10期,ISSN 1002-5553.jpg,6,2010-10-19,《英语学习》杂志社 编,"由北京外国语大学主办的月刊英语杂志，本刊为2010年第10期。 <br>本刊首创英语读物难度等级划分，它既有利于读者根据自己的水平循序渐进地提高英语水平，又有助于学习者把握自己的英语阅读进度，扩展有关知识。B（beginning）级适合于掌握近2000单词的高中学生及广大英语学习者。I（intermediate）级适合于拥有3000左右词汇的普通高校的低年级学生或同等水平的英语学习者。C（college）级适合于大学英语专业一二年级水平，词汇量在4000至5000上下的学习者。A（advanced）级为大学英语专业三四年级以上水平，词汇量超过6000的英语学习者。","the brave new world 缤纷世界<br>4 Sense and Nonsense<br>6 先有鸡，后有蛋/多重任务，女胜男 /网购：亚洲人 第一！/ “男性工作”：美女也没便宜占<br><br>in the spotlight 聚光灯下<br>10 The Blood Diamond Hoax<br>血钻迷局【 C 】<br>14 Why Has Eton Produced So Many Prime Ministers?<br>伊顿公学：英国首相的摇篮 【 C 】<br><br>outlook瞭望台<br>22 The Death of Embarrassment<br>“难堪”不再 【 C】<br>26 Awe and the Machine<br>消逝的机器恐惧症【 C 】<br>29 Understanding a Multi-Faceted China<br>认识一个多面的中国 【 I 】<br><br>interview 访谈录<br>17 Public Universities in Face of Financial Crisis<br>金融危机下的公立大学【 I 】<br><br>***************************************<br>tales of life 人生纪事<br>32 Room with No View, but Perfect for an Office<br>无处不在的办公室【 I 】<br>34 The Fall (and Rise) of a Rabbit Haven<br>兔子窝的命运 【 I 】<br>37 Out of the Car and off the Grid<br>通往小屋的路 【 I 】<br><br>assorted articles 蝶翼文丛 <br>60 Peering into the Honeybee’s World of Elegant Order <br>蜜蜂的世界 【 C 】<br>63 How to Be a Mother Bird<br>“鸟妈妈”修成记【 I 】         <br>66 Up from Darkness <br>照明小史 【 C 】<br>69 “Swap Papers Please!” <br>“快，让我看看你的答案！”【 I 】<br>***************************************<br>classic prose 经典文选<br>49 How to Live to Be 200（Excerpt） <br>怎样活到200岁（节译）【A】<br>literary corner 文学角<br>40 Before/After <br>从前，以后 【 I 】<br>42 Sorrow Is Knowledge <br>悲伤是知识<br>**************************************<br>44 影视文化笔记： <br>解读《阿凡达》<br>52 杂文英译&#65533;：现代人的流行病<br>56 他山之石: 索尔福德&#8226;劳瑞&#8226;英国茶<br>about the language 英语杂谈<br>72 短文两则<br>74 词语故事：色彩的故事：《黄土地》、黄种人和黄花闺女<br>76 谐趣角",,16开,0,,1版1次,平,,"大学,高中,英语专业,自学", 
7663,ISSN 1002-5553,,新锐空间 2010年第10期,ISSN 1002-5553.jpg,12,2010-10-19,《英语学习》杂志社 编,,"Special Reports<br>8  Travel  旅游  medium  耳机标志<br>Madurodam: The Miniature City of Holland<br>马都拉丹：荷兰小人国<br>马都拉丹是荷兰最小的城市，然而在那里你一次便能将荷兰尽收眼底：风车、运河、教堂、郁金香花田……荷兰几乎所有的名胜景观都被微缩到了这座“小人国”里。让我们一起来游览一番这座充满浪漫气息的童话王国吧！<br><br>22  History  历史  difficult  耳机标志  <br>Early Adventures with the Automobile<br>早期汽车冒险经历<br>1893年，汽车在美国的芝加哥世博会上首次亮相。在当时，开汽车还是一件很具挑战性的事，然而，随着汽车的优势日益凸显，它逐渐融入到日常的社会生活中，引发了人们对汽车的强烈热爱。从1906年“范德比尔特杯”冠军，到1907年从纽约驱车到弗吉尼亚的冒险家，再到1909年首位穿越美国东西海岸的女性，形形色色的人物都有着不同的驾车经历。本文就为你讲述他们与车的冒险故事。<br><br>37 Society  社会  easy <br>Mensa—In the Name of Brains<br>门萨——以天才之名<br><br>REGULAR SECTIONS<br>4 One Vision, One World  新锐视角  medium  耳机标志<br><br>15 Happy Hour  片刻轻松  easy<br><br>16  Smart & Sharp  科技先锋  medium  耳机标志<br>Dream Machine Kiosk Lets You Make Customized Pillows<br>“梦机器亭”为你定制枕头<br>Jelloware: Drinking Glasses You Can Eat <br>果冻杯子：可食水杯<br><br>18  Finance Tidbits  趣话金融   difficult   耳机标志<br>Insider Trading<br>内线交易<br><br>30  In Taste  食尚  easy  耳机标志<br>Paella—Fancy Fast Food in Spain<br>海鲜饭——西班牙快餐美食<br><br>32  Fabric of Fashion  时尚解构  medium  耳机标志<br>Burberry—The Art of the Trench Coat<br>巴宝莉——风衣的艺术<br>浅褐、黑、红、白的四色格子魅力非凡，于不经意间诠释着纯纯的英伦风情；皇室成员、探险家、大明星……人人都爱巴宝莉，我们一起来看看这风靡世界的风衣名牌——巴宝莉——如何缔造它的品牌传奇……<br><br>42  Savvy Health  魅力健康 easy  耳机标志<br>How to Keep Your Vegetables Healthy<br>合理烹饪你的蔬菜<br><br>44  The Racy Read  原味阅读  medium<br>Dreamcatcher<br>劫梦惊魂<br>有人说美国的“恐怖惊悚小说之王”斯蒂芬&#8226;金在西方读者心中的地位勘比“武侠小说大师”金庸在中国读者中的影响力，此言极是，斯蒂芬&#8226;金这位巅峰级人物在美国及欧洲可谓是家喻户晓；或许很多人没读过他的小说，但很多人都痴迷于由他的小说改编而成的电影作品。他小说的魅力不在于描写恐怖，而是用悬念和暗示来激发读者的想像力。这里我们为你节选了斯蒂芬&#8226;金的小说《劫梦惊魂》，这是一部集惊悚和科幻于一身的作品，让我们一起来感受一下“金”手指下那心弦紧绷的感觉吧！<br><br>50  Culture Channel  纵横东西  <br><br>52  Global Panorama  世界掠影  medium<br>Amana—A Village of German Descendents<br>探访德国村<br><br>English Express  英语快车<br>56  Workplace Comics  职场漫画  easy<br>57  Language Watch  鲜活英语  easy<br>58  Everyday Talk  日常对话  easy   耳机标志<br>60  Melodrama  都市情景剧  easy  耳机标志<br>63  Note-Book  新锐笔记",,16开,0,,1版1次,平,,"初中,大学,高中,自学", 
7664,ISSN 1002-5553,,阳光英语 2010年第10期,ISSN 1002-5553.jpg,6,2010-10-19,《英语学习》杂志社 编,"Special Reports<br>8  Travel  旅游  medium  耳机标志<br>Madurodam: The Miniature City of Holland<br>马都拉丹：荷兰小人国<br>马都拉丹是荷兰最小的城市，然而在那里你一次便能将荷兰尽收眼底：风车、运河、教堂、郁金香花田……荷兰几乎所有的名胜景观都被微缩到了这座“小人国”里。让我们一起来游览一番这座充满浪漫气息的童话王国吧！<br><br>22  History  历史  difficult  耳机标志  <br>Early Adventures with the Automobile<br>早期汽车冒险经历<br>1893年，汽车在美国的芝加哥世博会上首次亮相。在当时，开汽车还是一件很具挑战性的事，然而，随着汽车的优势日益凸显，它逐渐融入到日常的社会生活中，引发了人们对汽车的强烈热爱。从1906年“范德比尔特杯”冠军，到1907年从纽约驱车到弗吉尼亚的冒险家，再到1909年首位穿越美国东西海岸的女性，形形色色的人物都有着不同的驾车经历。本文就为你讲述他们与车的冒险故事。<br><br>37 Society  社会  easy <br>Mensa—In the Name of Brains<br>门萨——以天才之名<br><br>REGULAR SECTIONS<br>4 One Vision, One World  新锐视角  medium  耳机标志<br><br>15 Happy Hour  片刻轻松  easy<br><br>16  Smart & Sharp  科技先锋  medium  耳机标志<br>Dream Machine Kiosk Lets You Make Customized Pillows<br>“梦机器亭”为你定制枕头<br>Jelloware: Drinking Glasses You Can Eat <br>果冻杯子：可食水杯<br><br>18  Finance Tidbits  趣话金融   difficult   耳机标志<br>Insider Trading<br>内线交易<br><br>30  In Taste  食尚  easy  耳机标志<br>Paella—Fancy Fast Food in Spain<br>海鲜饭——西班牙快餐美食<br><br>32  Fabric of Fashion  时尚解构  medium  耳机标志<br>Burberry—The Art of the Trench Coat<br>巴宝莉——风衣的艺术<br>浅褐、黑、红、白的四色格子魅力非凡，于不经意间诠释着纯纯的英伦风情；皇室成员、探险家、大明星……人人都爱巴宝莉，我们一起来看看这风靡世界的风衣名牌——巴宝莉——如何缔造它的品牌传奇……<br><br>42  Savvy Health  魅力健康 easy  耳机标志<br>How to Keep Your Vegetables Healthy<br>合理烹饪你的蔬菜<br><br>44  The Racy Read  原味阅读  medium<br>Dreamcatcher<br>劫梦惊魂<br>有人说美国的“恐怖惊悚小说之王”斯蒂芬&#8226;金在西方读者心中的地位勘比“武侠小说大师”金庸在中国读者中的影响力，此言极是，斯蒂芬&#8226;金这位巅峰级人物在美国及欧洲可谓是家喻户晓；或许很多人没读过他的小说，但很多人都痴迷于由他的小说改编而成的电影作品。他小说的魅力不在于描写恐怖，而是用悬念和暗示来激发读者的想像力。这里我们为你节选了斯蒂芬&#8226;金的小说《劫梦惊魂》，这是一部集惊悚和科幻于一身的作品，让我们一起来感受一下“金”手指下那心弦紧绷的感觉吧！<br><br>50  Culture Channel  纵横东西  <br><br>52  Global Panorama  世界掠影  medium<br>Amana—A Village of German Descendents<br>探访德国村<br><br>English Express  英语快车<br>56  Workplace Comics  职场漫画  easy<br>57  Language Watch  鲜活英语  easy<br>58  Everyday Talk  日常对话  easy   耳机标志<br>60  Melodrama  都市情景剧  easy  耳机标志<br>63  Note-Book  新锐笔记",,,16开,0,,1版1次,平,,"初中,高中,自学", 
7657,ISSN 1002-5553,,新锐空间 2010年第9期,ISSN 1002-5553.jpg,12,2010-9-1,《英语学习》杂志社 编,,,,16开,0,,1版1次,平,,"初中,大学,高中,自学", 
7658,ISSN 1002-5553,,阳光英语 2010年第9期,ISSN 1002-5553.jpg,6,2010-9-1,《英语学习》杂志社 编,,"1 卷首语<br>观天下<br>特别关注<br>4  Tom and Jerry: 70 th Anniversary （耳机标志）<br>《猫和老鼠》：欢喜冤家70载<br>8  Animation Legend: William Hanna and Joseph Barbera<br>动画传奇：威廉&#8226;汉纳和约瑟夫&#8226;巴伯拉<br>14 新闻万花筒 （耳机标志）<br>World’s Ugliest Dog Dies <br>“世界最丑狗”去世<br>The Secret to Happiness—Speak to Your Father<br>幸福的秘诀——跟父亲聊聊<br>Woo-hoo! Homer Simpson Named Greatest TV Character in 20 Years<br>荷马&#8226;辛普森当选最伟大电视人物<br>科技自然  <br>21  The Hidden Lives of Sloth （耳机标志）<br>树獭的隐居生活<br>历史瞬间<br>24 First to Sail Around the World Alone<br>独自环海航行第一人<br>品味人生 （耳机标志）<br>29 Dusting Off  重新站起<br>文苑  <br>33 Remarks by President Barack Obama at Town Hall Meeting with Future Chinese Leaders（Excerpt）<br>奥巴马总统在与中国青年见面会上的演讲（节选）<br>环球采风<br>38 《世界在我的背包里》节选1<br>娱乐直通车<br>42 阳光DJ<br>Hilary Duff: From Sweet Icon to Glamour Queen<br>希拉里&#8226;达芙：甜美偶像变身魅力女王<br>48 酷人酷事<br>Victoria Justice: America’s Next Tween Superstar<br>混血美女维多利亚&#8226;嘉丝蒂的“顶级生活” <br>54 新片快递<br>The American 美国人<br>Alpha and Omega 3D  阿尔法和欧米伽 3D<br>Legend of the Guardians: The Owls of Ga’Hoole 守卫者传奇<br>快乐进行时<br>55 轻松片刻<br>Brainteasers 脑筋急转弯<br>英语加油站<br>16看电影学口语<br>Inglourious Basterds 《无耻混蛋》<br>50 作文课堂<br>Cheating in Examinations<br>52 英语咖啡馆<br>Fashion icon <br>时尚教主<br>53 轻松学单词<br>A catch<br>56 日常会话  （耳机标志）<br>Karaoke<br>卡拉OK之夜<br>58 每日一学",,16开,0,,1版1次,平,,"初中,大学,高中,自学", 
7656,ISSN 1002-5553,,英语学习 2010年第9期,ISSN 1002-5553.jpg,6,2010-9-1,《英语学习》杂志社 编,"由北京外国语大学主办的月刊英语杂志，本刊为2010年第9期。 <br>本刊首创英语读物难度等级划分，它既有利于读者根据自己的水平循序渐进地提高英语水平，又有助于学习者把握自己的英语阅读进度，扩展有关知识。B（beginning）级适合于掌握近2000单词的高中学生及广大英语学习者。I（intermediate）级适合于拥有3000左右词汇的普通高校的低年级学生或同等水平的英语学习者。C（college）级适合于大学英语专业一二年级水平，词汇量在4000至5000上下的学习者。A（advanced）级为大学英语专业三四年级以上水平，词汇量超过6000的英语学习者。","the brave new world 缤纷世界<br>英国人一生六个月谈天气 / 早睡早起，省电减排 / 男人不<br>道歉，女人心脏糟 / 要么学英语，要么走人<br><br>in the spotlight 聚光灯下<br>And Man Made Life<br>就这样，人创造了生命 【 C 】<br>Get Your Ph.D. in Lady Gaga<br>Lady Gaga: 荒谬和严肃的歌者 【 C 】<br><br>outlook 瞭望台<br>A Tale in Two Languages<br>从纪念莎翁说开去 【 I 】<br>The Pleasures of Imagination<br>想象的乐趣【 C 】<br>“I’m in the Louvre!”<br>“我在卢浮宫！” 【 C 】<br><br>interview 访谈录<br>Intellectuals and Politics<br>知识分子与政治【 I 】<br>tales of life 人生纪事<br>Seat Cheats<br>订座骗局【 I 】<br>My Child-Free Travel<br>不带孩子的旅行 【 I 】<br><br>assorted articles 蝶翼文丛<br>Sweet Talk<br>甜言蜜语 【 I 】<br>Escalating Etiquette<br>自动扶梯上的礼仪【 C 】<br>Writing Habits of Some Successful Authors<br>成功作家的写作习惯 【 I 】<br>Wait, Bananas Grow in Iceland?!<br>香蕉，冰岛出品？【 C 】<br>Some Truths I Wish I’d Known Sooner<br>那些我早应该知道的事儿【 C 】<br>Not Having a Blog<br>不写博客的理由【 C 】<br>***************************************<br>classic prose 经典文选<br>The Hedgehog and the Fox (Excerpt)<br>刺猬和狐狸（节译）【A】<br><br>literary corner 文学角<br>Rumors About Me<br>谣言风波【 I 】<br>The Blinded Bird<br>被刺瞎了眼睛的鸟<br>**************************************<br>影视文化笔记：<br>简&#8226;坎皮恩与《钢琴别恋》<br>汉玉精雕：《孟子》选<br>他山之石: 姐妹艺术还是暴力的婚姻？<br><br>about the language 英语杂谈<br>短文两则<br>词语故事：色彩的故事：说青道蓝 ( 下)<br><br>谐趣角<br>Words to the Wise<br>关于成功，聊几句 【 I 】",,16开,0,,1版1次,平,,"大学,高中,英语专业,自学", 
49566,978-7-5600-9654-4,,英语学习 2010年1-6月 合订本,978-7-5600-9654-4.jpg,25,2010-9-1,《英语学习》杂志社 编,《英语学习》月刊，1958年创刊，是一本针对大学生以及高级英语自学者的理想阅读材料，在帮助英语学习者提高其英语水平的同时，也拓展了读者们的西方文化视野。本合订本汇集了2010年《英语学习》1至6期杂志上的全部内容，内容丰富，便于收藏。,,,16开,0,,1版1次,平,,"大学,高中,英语专业,自学", 
7651,ISSN 1002-5553,,英语学习 2010年第8期,ISSN 1002-5553.jpg,6,2010-8-27,《英语学习》杂志社 编,"由北京外国语大学主办的月刊英语杂志，本刊为2010年第8期。 <br>本刊首创英语读物难度等级划分，它既有利于读者根据自己的水平循序渐进地提高英语水平，又有助于学习者把握自己的英语阅读进度，扩展有关知识。B（beginning）级适合于掌握近2000单词的高中学生及广大英语学习者。I（intermediate）级适合于拥有3000左右词汇的普通高校的低年级学生或同等水平的英语学习者。C（college）级适合于大学英语专业一二年级水平，词汇量在4000至5000上下的学习者。A（advanced）级为大学英语专业三四年级以上水平，词汇量超过6000的英语学习者。","the brave new world 缤纷世界<br>4 女王要求涨工资/四分之一“新爸爸”也忧郁/意大利“杯中胎儿”海报宣戒酒/女人会因嫉妒“瞎眼”<br>8 Sense and Nonsense<br>in the spotlight 聚光灯下<br>10 The Immortal Life of Henrietta Lacks 永生的“海拉”<br>13 Is Apple the New Microsoft? 苹果：新时代的“微软”？<br>outlook 瞭望台<br>17 The Why-Worry Generation “无忧”的一代<br>20 Living the Dream -- Remarks at Lang Lang's Solo Concert in London 梦想成真的年代<br>22 The Nastiness That Lies Beneath ""Have a Nice Day"" 美国式礼貌<br>interview 访谈录<br>28 China's Tough Job of Tobacco Control 中国控烟的艰巨任务<br>tales of life 人生纪事<br>33 Six Things My Father Was Right About 老爸的六条至理名言<br>36 Sugar, Sugar 妈妈的神秘糖<br>39 Oblique Communication 大爱无声<br>assorted articles 蝶翼文丛<br>64 A Look at Smile 说“笑”<br>66 A Writer by Any Other Name 不完美的作者简介<br>70 Wallace, Teacher: A Reminiscence 追忆恩师戴维·华莱士<br>classic prose 经典文选<br>52 Life 人生(节译)<br>literary corner 文学角<br>42 The Forge 铁匠铺<br>44 Hope and Comfort 希望与安慰<br>48 影视文化笔记：芭芭拉·史翠珊与《杨朵》<br>62 名校流韵：斯贝尔曼学院：改变世界的选择<br>55 杂文英译：说深刻<br>58 他山之石：美杜莎的情人<br>about the language 英语杂谈<br>73 短文两则<br>74 词语故事：色彩的故事：说青道蓝（上）<br>谐趣角<br>76 美国总统竞选口号拾趣.",,16开,0,,1版1次,平,,"大学,高中,英语专业,自学", 
7650,ISSN 1002-5553,,阳光英语 2010年第8期,ISSN 1002-5553.jpg,6,2010-8-27,《英语学习》杂志社 编,,"1 卷首语<br><br>观天下<br>特别关注<br>4 Enchanting Dragons: Fun for Youngsters 魔幻龙族：让青少年乐翻天<br>9 Hiccup Goes to Hollywood 小嗝嗝走进好莱坞<br>10 Western Dragon Myth 西方龙的神话传说<br>14 新闻万花筒<br><br>品味人生<br>22 Lavender 薰衣草的奇迹<br>26 A Dog Wrapping Himself up in a Blanket 裹在毯子里的狗狗<br><br>环球采风<br>28 A Bookstore Made in Heaven 好书店，天堂造<br><br>文苑<br>32 Tom Thumb(Excerpt) 大拇指汤姆（节选）<br>历史瞬间<br>36 Niagara Falls and Its Conqueror 征服尼亚加拉大瀑布的人<br>科技·自然<br>41 Bioluminescence -- Nature's Dazzling生物发光——深海的炫目光影秀<br>娱乐直通车<br>44 阳光DJ<br>The Black eyed Peas: The Hip Hop Saga 黑眼豆豆：嘻哈乐的传奇<br>50 酷人酷事<br>Round the World Sailor Jessica Watson 帆船少女杰茜卡·沃森的航海冒险<br>52 新片快递<br>Eat, Pray, Love 美食、祈祷和恋爱<br>Scott Pilgrim vs. the World 歪小子斯科特对抗全世界 / Piranha 3D 食人鱼 3D<br>快乐进行时<br>53 轻松片刻<br>Brainteasers 脑筋急转弯<br>英语加油站<br>16 看电影学口语 Up in the Air 《在云端》<br>54 英语咖啡馆 thumb 中文译名：拇指<br>55 轻松学单词 cold turkey<br>56 日常会话 Hospital Visit 医院探病<br>58 作文课堂 Immigration should Not Be Blamed 移民不应被谴责？<br>60 每日一学.",,16开,0,,1版1次,平,,"初中,大学,高中,自学", 
7652,ISSN 1002-5553,,新锐空间 2010年第8期,ISSN 1002-5553.jpg,12,2010-8-27,《英语学习》杂志社 编,,"One Vision, One World 新锐视角<br>Finance Tidbits 趣话金融<br>What Happened? That's a Billion Dollar Question 价值十亿的问题<br>Happy Hour 片刻轻松<br>Smart & Sharp 科技先锋<br>Global Panorama 世界掠影<br>Being a Princess in Burano 在布拉诺当公主<br>Culture Channel 纵横东西<br>Sawy Health 魅力健康<br>The Racy Read 原味阅读<br>In Taste 食尚<br>Career Code 职场密经<br>FQ Talk 财商特训<br>Ask Art 洋洋得艺<br>Lights, Camera, Action ... in Bollywood.",,16开,0,,1版1次,平,,"初中,大学,高中,自学", 
7640,ISSN 1002-5553,,新锐空间 2010年第7期,ISSN 1002-5553.jpg,12,2010-7-15,《英语学习》杂志社 编,,"Special Reports<br>10  Travel 旅游 medium<br>The Wetland: More than Just a Pretty Face on Earth<br>湿地：地球的美丽资源<br>30  Society 社会  medium<br>Surviving the Age of Humiliation<br>网络时代：人身攻击的时代？<br>Regular Sections<br>4 One Vision, One World 新锐视角  medium<br>Handling Cash “Better at Killing Pain than Aspirin”<br>数钱可止痛<br>Fast Food Culture “Makes Us Rush Unnecessarily”<br>快餐焦虑症<br>Britain’s Most Popular Lie: “Sorry I Had No Mobile Phone Signal”<br>英国最常用谎言揭晓<br>Post-it, the Little Square That Changed Lives, Turns 30<br>便利贴欢庆30周岁<br>8  Smart & Sharp 科技先锋 easy<br>Twendy-one: A Robot for Your Home  <br>保姆机器人<br>Philips Food Printer  <br>飞利浦食物打印机<br>18 Fabric of Fashion 时尚解构  medium<br>Vivienne Westwood: The Queen of Punk& The Dame of Fashion<br>薇薇恩·韦斯特伍德：时尚界的朋克教母<br>22 Global Panorama 世界掠影  medium<br>Harrogate, Living Paradise in UK<br>哈罗盖特：英国的“世外桃源”<br>26 Ask Art 洋洋得艺 difficult<br>The Magic of Broadway <br>百老汇的魔力<br>36 FQ Talk 财商特训  difficult<br>Stay Faithful to Your “Wife”<br>保险如“妻”<br>38 In Taste  食尚  medium<br>Custard Tart: The Traditional English Dessert <br>英式蛋挞：古老的美味小甜点<br>40  Culture Channel 纵横东西 <br>42  Finance Tidbits 趣话金融 medium<br>The Magical iPad<br>神奇的iPad<br>45  The Racy Read  原味阅读  medium<br>Message in a Bottle<br>瓶中信<br>51  All Star  星闻 easy<br>52  Career Code  职场密经    medium<br>Your First Day—“Don’t Worry, I Will Take Care of That”<br>入职第一天：“别担心，我来处理”<br>English Express<br>54  Everyday Talk  日常对话   easy<br>56  Big City, Small World  都市情景剧    easy<br>59  Language Watch  鲜活英语   easy<br>60  Workplace Comics 职场漫画 medium<br>61  Note-Book  新锐笔记",,16开,0,,1版1次,平,,"初中,大学,高中,自学", 
7629,ISSN 1002-5553,,阳光英语 2010年第7期,ISSN 1002-5553.jpg,6,2010-7-15,《英语学习》杂志社 编,,"1.卷首语<br>观天下 <br>特别关注<br>4 Summer Fun at Amusement Parks!<br>夏日游园召集令：好玩刺激的游乐园之大盘点<br>14 新闻万花筒<br>George Washington Racks up Late Fees at NY Library美国“国父”华盛顿借书220年不还 欠巨额滞纳金<br>Nearly Third of Children Globally Are Couch Potatoes全球约三分之一青少年缺乏运动<br>Fundraising Spares Hollywood Sign from Sprawl “好莱坞”标志保卫战<br>科技·自然<br>21 Cave of Crystals  墨西哥水晶洞之谜<br>24 Volcanic Ash: Why It’s Bad for Planes 火山灰之患：火山灰对飞机有何危害？<br>环球采风<br>26 Go on a South Africa Safari after the World Cup 世界杯后，来一次南非游猎之旅<br>文苑<br>29 Charlotte’s Web 《夏洛特的网》<br>历史瞬间<br>34 The History of Ponce de Leon and Florida <br>庞塞·德莱昂：从青春之泉到佛罗里达<br>娱乐直通车<br>38 阳光DJ<br>Justin Bieber: A Canadian Pop Sensation<br>贾斯汀· 比伯：加拿大少年掀起流行音乐狂潮<br>43 新片快递<br>The Last Air Bender 最后的气宗/ Salt 特工绍特/ Cats & Dogs: The Revenge of Kitty Galore 猫狗大战2：猫怪的复仇 <br>44 酷人酷事<br>Jane Aldridge—Sea of Shoes 美国少女Jane和她的时尚博客<br>品味人生<br>46 One More Chance 再一次飞行<br>快乐进行时<br>50 轻松片刻<br>英语加油站<br>16 看电影学口语<br>An Education  《成长教育》<br>52 英语咖啡馆<br>flip-flops 人字拖<br>53 轻松学单词<br>dogsit<br>54 日常对话<br>Pain Story<br>疼痛趣事<br>56 作文课堂<br>Never Yield to Limits—After Reading The Old Man and the Sea<br>58 每日一学",,16开,0,,1版1次,平,,"初中,大学,高中,自学", 
7618,ISSN 1002-5553,,英语学习 2010年第7期,ISSN 1002-5553.jpg,6,2010-7-15,《英语学习》杂志社 编,"由北京外国语大学主办的月刊英语杂志，本刊为2010年第7期。 <br>本刊首创英语读物难度等级划分，它既有利于读者根据自己的水平循序渐进地提高英语水平，又有助于学习者把握自己的英语阅读进度，扩展有关知识。B（beginning）级适合于掌握近2000单词的高中学生及广大英语学习者。I（intermediate）级适合于拥有3000左右词汇的普通高校的低年级学生或同等水平的英语学习者。C（college）级适合于大学英语专业一二年级水平，词汇量在4000至5000上下的学习者。A（advanced）级为大学英语专业三四年级以上水平，词汇量超过6000的英语学习者。","the brave new world  缤纷世界<br>4 丹麦公交车扮爱神 / 假日更增幸福感 / 美女有碍健康 / 大夫坐着聊，患者更舒适 <br>8 Sense and Nonsense  <br>in the spotlight 聚光灯下<br>10 Rethinking Rent<br>再议租房【 C 】<br>13 The Best Olympics, the Ugliest Mascots?<br>最棒的奥运会，最丑的吉祥物？ 【 I 】<br>outlook 瞭望台<br>16 Unity is Deep in the Blood<br>新疆是个好地方【 I 】<br>18 Why Setting Goals Can Backfire<br>目标有害！【 C 】<br>22 Lo and Behold<br>看，那些时尚logo！【 C 】<br>interview 访谈录<br>25 Shanghai: a History in Photographs<br>照片中的上海历史【 I 】<br>tales of life 人生纪事 <br>29 The Joys and Pitfalls of Being a Stepmother<br>当后妈的日子【 I 】<br>32 A Beech Tree’s Last Stand 山毛榉最后的时光【 I 】<br>35 Porch Plans: Living Life Out Front 门廊好生活【 I 】<br>assorted articles 蝶翼文丛 <br>62 Lecture Is Beautiful讲座之美  【 C 】<br>64 A World Without Planes  <br>假如世上没了飞机【 I 】   <br>67 Listen to the Sounds in Silence  <br>在寂静中聆听声音【 C 】<br>classic prose 经典文选<br>45 Self-Centeredness (Excerpt)<br>自我中心（节译）【A】<br>literary corner 文学角<br>38 Bright Star<br>灿烂的星<br>40 A Lifestyle活法 【 I 】<br>48 影视文化笔记：劳拉·马尔维——现代女性主义电影理论的开创者<br>52 名校流韵：巴纳德学院:  曼哈顿岛上一枝独秀<br>54 汉玉精雕：《孟子》选<br>他山之石<br>59 一个人的电影：Talking Heads<br>about the language 英语杂谈<br>72 词语故事：色彩的故事：说青道绿<br>74 莫用网聊缩略语<br>76 短文四则<br>谐趣角<br>70 诺贝尔奖拾趣 【 I 】",,16开,0,,1版1次,平,,"大学,高中,英语专业,自学", 
7617,ISSN 1002-5553,,英语学习 2010年第6期,ISSN 1002-5553.jpg,6,2010-6-15,《英语学习》杂志社 编,"由北京外国语大学主办的月刊英语杂志，本刊为2010年第6期。 <br>本刊首创英语读物难度等级划分，它既有利于读者根据自己的水平循序渐进地提高英语水平，又有助于学习者把握自己的英语阅读进度，扩展有关知识。B（beginning）级适合于掌握近2000单词的高中学生及广大英语学习者。I（intermediate）级适合于拥有3000左右词汇的普通高校的低年级学生或同等水平的英语学习者。C（college）级适合于大学英语专业一二年级水平，词汇量在4000至5000上下的学习者。A（advanced）级为大学英语专业三四年级以上水平，词汇量超过6000的英语学习者。","the brave new world  缤纷世界<br>4 女人比男人会理财 / 《呼啸山庄》沾光《暮光之城》，销量翻两番 / 在印度手机比厕所多 / 十年内全职爸爸增九倍<br>in the spotlight 聚光灯下<br>8 John Maynard Keynes<br>回归凯恩斯【 C 】<br>12 Soft in the Middle<br>风光不再的中端市场 【 C 】<br>outlook 瞭望台<br>15 In the End, We’ll Pay a High Price for This Free-for-all<br>谁为免费午餐买单？【 C 】<br>18 We Need a Dug-out Canoe to Navigate the Net<br>乘上独木舟，畅游互联网【 C 】<br>22 The X Factor Factor<br>关于The X Factor 选秀大赛的趣事【 I 】<br>interview 访谈录<br>24 Healthcare Reform Challenge  <br>医保改革的挑战【 I 】<br>tales of life 人生纪事<br>29 My Dining Room Revolution （音频） <br>我家的餐厅“革命”【 I 】<br>32 An Insomniac’s Best Friend （音频）<br>失眠者的好伙伴【 I 】<br>36 Snore Wars （音频）<br>可怕的呼噜【 E 】<br>assorted articles 蝶翼文丛 <br>65 Needing the Unnecessary<br>情迷奢侈品  【 I 】<br>68 Jet Lag （音频）<br>时差  【 C 】<br>classic prose 经典文选<br>62 Truth and Truthfulness (Excerpt)<br>事实与真实（节译）【A】<br>literary corner 文学角<br>38 Song歌<br>40 Down Pens<br>致谢的烦恼 【 I 】<br>44  影视文化笔记：<br>艾达·卢皮诺：演员、编剧和导演<br>48 杂文英译：冷不防，栽进“表现陷阱”<br>52 名校流韵：斯沃斯摩尔学院<br>他山之石<br>54 感恩的逝者    <br>58 列宁的学习经验  <br>about the language 英语杂谈<br>70 短文两则<br>73 词语故事：色彩的故事：中国红和英国红（下）<br>75 小议路名翻译<br>谐趣角<br>77 幽默墓志铭",,16开,0,,1版1次,平,,"大学,高中,英语专业,自学", 
7639,ISSN 1002-5553,,新锐空间 2010年第6期,ISSN 1002-5553.jpg,12,2010-6-15,《英语学习》杂志社 编,,"Special Reports<br>8  Travel  旅游  difficult  <br>Threatened Shores: The Lost Paradise<br>水边之地受威胁：天堂美景恐消逝<br>水，鬼斧神工般地造就了许多自然与人文景观，如风光旖旎的马尔代夫群岛、意大利的梦幻水城威尼斯和澳大利亚最引以为豪的大堡礁。但据预测，由于全球变暖、海平面上升，此类美景或许在不远的将来就要从这个星球上消失。读完本文，你或许也有慨叹“美人迟暮”的同感……<br>20  Lifestyle 生活方式    medium      <br>Living Large in a Small House<br>身处蜗居，心忧自然<br>人类社会的发展始终是要付出代价的，人口过剩、流动迁徙等因素造成人类的生存空间也在不断变化调整。近年来，我们对房屋面积大小的期许也在缩水，这也激发了人们对居住空间的全新思考，随之而来的是一股颠覆传统住房观念的时尚安居新潮。伦敦集装箱城、日本“胶囊旅馆”和北京“胶囊公寓”的兴起，便充分说明了这一点。不过，正如本文作者所言，居所的存在并不一定和环保有冲突。相信人类可以在环境与需求之间找到一个平衡点……<br>REGULAR SECTIONS<br>4 One Vision, One World  新锐视角   medium  <br>26  Finance Tidbits  趣话金融     medium     <br>Fat Cats and Wall Street Bankers<br>“大肥猫”& 华尔街银行家<br>29  Savvy Health  魅力健康 easy    <br>How to Be More Likeable <br>受欢迎的秘诀<br>30  Career Code  职场密经  easy<br>32  The Racy Read 原味阅读   medium  <br>The Lord of the Rings<br>指环王<br>你看过电影《指环王》吗？你玩过游戏《指环王》吗？如果你的答案都是肯定的，那么，你读过小说《指环王》吗？这可是20世纪最有影响力的奇幻小说：在古老的中世纪，一枚“权力之戒”具有统治世界的魔力，诱惑着所有人去拥有它……这部小说其实也正如那魔戒一般，以其雄伟的记叙、惊险的情节和朴实生动的语言俘虏了全世界读者的心。来这里品一品原著的味道，感受一下心动的感觉吧！<br>40  In Taste  食尚  easy   <br>Mocha Coffee—An Ancient Flavor <br>摩卡咖啡——古老的香醇<br>作为世界上一种最古老的咖啡，渊源久远的摩卡咖啡早已成了咖啡的代名词，它那独特的巧克力余韵令人回味再三，可谓是：“余味绕梁、三日不绝于口”。难怪有那么多的咖啡饕客都将摩卡列为心中的最爱……<br>42  Smart & Sharp  科技先锋    medium     <br>Futuristic Gadget Will Bring Birdsong to Cities<br>让城市充满鸟鸣的未来科技<br>44  Culture Channel  纵横东西  <br>46  Global Panorama  世界掠影  easy<br>Leisure Mallorca<br>悠闲马略卡<br>48  Fabric of Fashion  时尚解构    medium      <br>Jimmy Choo—The King of Shoes<br>周仰杰——鞋履之王<br>“鞋子就是鞋子，除非它是Jimmy Choo”，这就是周仰杰在女鞋界的地位。无论是轻盈精致的平底鞋，还是华丽妖冶的高跟鞋，作为已故戴安娜王妃的御用鞋子设计师，周仰杰的定制女鞋多年来一直受到欧美名流的热捧。而对他来说，“舒服”才是时尚的真谛。他的作品常常内外兼备，引领时尚之余，还能保证穿着的舒适与安全，难怪好莱坞女星和每一个时尚女孩都梦想拥有一双这样的鞋子呢！<br>52  FQ Talk  财商特训   difficult  <br>English Express  英语快车<br>54  Workplace Comics  职场漫画  easy<br>55  Language Watch  鲜活英语  easy<br>56  Everyday Talk  日常对话  easy   <br>58  Melodrama  都市情景剧    medium    <br>61  Note-Book  新锐笔记",,16开,0,,1版1次,平,,"初中,大学,高中,自学", 
7628,ISSN 1002-5553,,阳光英语 2010年第6期,ISSN 1002-5553.jpg,6,2010-6-15,《英语学习》杂志社 编,,"1 卷首语<br>观天下<br>特别关注<br>4 Geek Power<br>从盖茨到扎克伯格：极客的力量<br>14 新闻万花筒  <br>Belgian Newspaper Issues “3D Edition”  比利时推出3D报纸<br>Dinosaurs 10 million Years Older than Previously Thought 恐龙起源比预测早一千万年<br>Chocolate-powered Racecar 巧克力动力赛车<br>环球采风<br>20 The Victoria and Albert Museum in London<br>伦敦：维多利亚和艾伯特博物馆<br>文苑  <br>24 Alice’s Adventures in Wonderland (Excerpt)<br>爱丽丝漫游奇境记（节选）<br>科技&#8226;自然<br>30 Coconut Crab—The Largest Land Crab in the World <br>椰子蟹——陆地上最大的节肢动物<br>品味人生  <br>34 You Don’t Have to Be Original <br>你不必追求独创<br>36 Pennies from Granny<br>奶奶的硬币<br>娱乐直通车<br>33 新片快递<br>Ondine 水中仙 / The Karate Kid 功夫梦 / Knight and Day 骑士与白天<br>40 阳光DJ<br>Laura Izibor: The Soul of Ireland<br>劳拉&#8226;伊茨波：爱尔兰之魂<br>快乐进行时<br>50 轻松片刻 <br>Brainteasers 脑筋急转弯<br>历史瞬间<br>45 Joan of Arc: French National Heroine<br>圣女贞德：法兰西的名族女英雄<br>英语加油站<br>16 看电影学口语<br>The Hurt Locker<br>52 英语咖啡馆<br>snapperazi=snapshot+paparazzi的组合形式<br>中文译名：手机狗仔队<br>53 轻松学单词<br>lipstick theme  <br>54 日常会话  <br>Rabbit Food <br>节食&素食<br>56 作文课堂<br>Mark of Love<br>爱的记号<br>58 每日一学",,16开,0,,1版1次,平,,"初中,大学,高中,自学", 
7616,ISSN 1002-5553,,英语学习 2010年第5期,ISSN 1002-5553.jpg,6,2010-5-15,《英语学习》杂志社 编,"由北京外国语大学主办的月刊英语杂志，本刊为2010年第5期。 <br>本刊首创英语读物难度等级划分，它既有利于读者根据自己的水平循序渐进地提高英语水平，又有助于学习者把握自己的英语阅读进度，扩展有关知识。B（beginning）级适合于掌握近2000单词的高中学生及广大英语学习者。I（intermediate）级适合于拥有3000左右词汇的普通高校的低年级学生或同等水平的英语学习者。C（college）级适合于大学英语专业一二年级水平，词汇量在4000至5000上下的学习者。A（advanced）级为大学英语专业三四年级以上水平，词汇量超过6000的英语学习者。","the brave new world  缤纷世界 <br>4 男性干家务常被女性忽视 / 富过邻居才幸福 / “最后的晚餐”越吃越丰盛 / 英国人渐失绅士风度 / 不满经费大减，霍金欲离开剑桥<br><br>in the spotlight  聚光灯下 <br>8  Miep Gies: Savior of Anne Frank       <br>《安妮日记》守护者：梅普&#8226;吉斯【 I 】                  <br>11 Tiger Woods, Akio Toyoda and the Imperfect Art of Apology <br>“老虎”伍兹、丰田章男和差强人意的道歉术【 C 】                      <br><br>outlook  瞭望台 <br>14  Live a Good Life Now<br>过上好日子【 C 】                    <br>18 Hold on a Moment, I Want Some Technology That Lasts<br>科技，别总翻新太快【 C 】                      <br>21  Making Our Voice Heard<br>让世界听到中国的声音 【 I 】<br><br>interview  访谈录 <br>24  Low-Carbon Economy<br>低碳经济【 I 】                         <br><br>tales of life  人生纪事 <br>28 A Mouse, a Trap and Me <br>老鼠、鼠夹和我【 I 】               <br>31 Lost in the Personasphere<br>沉迷于小圈子【I】<br>                               <br>assorted articles 蝶翼文丛                                               <br>62  Say “No” to Coffee <br>对咖啡说“不”【E 】<br>64 In Praise of Shopping <br>购物赞  【 I 】      <br>67  La Vie D’ Ennui <br>无聊生活   【 I 】                         <br>70  Walk Your Talk <br>言行一致   【 E 】<br>72 The Return of the Epigram <br>隽语的回归 【 I 】<br><br>classic prose  经典文选 <br>41 The World as I See It (Excerpt)                            <br>我的世界观（节译）【A】   <br>                          <br>literary corner  文学角 <br>34 Weather Central   气象中心<br>36 The Umbrella Thief<br>“偷”雨伞的人   【I】         <br><br>44  影视文化笔记：阿兹娜——好莱坞黄金年代独一无二的女性主义导演<br>48  名校流韵：布林莫尔：“女超人”的古堡<br>50  汉玉精雕：《孟子》选<br>他山之石<br>54  吉姆&#8226;莫里森：向童年告别的歌    <br>58  重温马克思       <br>                   <br>about the language  英语杂谈<br>75  短文三则<br>77  词语故事：色彩的故事：中国红和英国红（上）",,16开,0,,1版1次,平,,"大学,高中,英语专业,自学", 
7638,ISSN 1002-5553,,新锐空间 2010年第5期,ISSN 1002-5553.jpg,12,2010-5-15,《英语学习》杂志社 编,,,,16开,0,,1版1次,平,,"初中,大学,高中,自学", 
7627,ISSN 1002-5553,,阳光英语 2010年第5期,ISSN 1002-5553.jpg,6,2010-5-15,《英语学习》杂志社 编,,"1 卷首语<br>观天下<br>特别关注<br>4  World Expo：The Gala of Human Civilization <br>世博会：人类文明盛宴<br>11 Five Famous Constructions of the World Expos<br>五大世博会知名建筑<br>12 Shanghai City Is Setting New World’s Fair Milestones<br>上海：开创世博会新纪元<br>14 新闻万花筒 <br>7ft Great Dane Declared World’s Tallest Dog<br>世界最高狗<br>Fridges Talk to Washing Machines at High-tech Fair<br>冰箱洗衣机会“交谈”<br>Elephants Have a “Secret Language”<br>大象也说“悄悄话”<br>科技自然  <br>20 Animals Can Tell Right from Wrong <br>动物也有道德感？<br>历史瞬间<br>24 Alexander the Great: A Great Conqueror of Macedonia<br>亚历山大大帝：伟大的马其顿征服者<br>品味人生 <br>30 The Law of the Garbage Truck<br>垃圾车法则<br>32 Cups and Coffee<br>杯子与咖啡<br>文苑  <br>33 The Diaries of Adam and Eve (Excerpt)<br>亚当和夏娃日记（节选）<br>阳光DJ<br>38 Mandy Moore: The Matured Pop Princess<br>曼迪&#8226;摩尔：乐坛公主初长成<br>环球采风<br>44 “The Wizarding World of Harry Potter” Theme Park<br>“哈利&#8226;波特的魔法世界”主题公园<br>娱乐直通车<br>48 酷人酷事<br>Mia Wasikowska is Alice in Wonderland <br>米娅&#8226;华希科沃斯卡——仙境中的爱丽丝<br>50 新片快递<br>Iron Man 2 钢铁侠2<br>Shrek Forever After  史瑞克4<br>Prince of Persia: The Sands of Time 波斯王子：时之沙<br>快乐进行时<br>55 轻松片刻<br>Brainteasers 脑筋急转弯<br>英语加油站<br>16看电影学口语<br>Avatar《阿凡达》<br>50 作文课堂<br>Cheating in Examinations<br>52 英语咖啡馆<br>Fashion icon <br>时尚教主<br>53 轻松学单词<br>Get over <br>56 日常会话  <br>How Often Do You Exercise? <br>你经常锻炼吗？<br>58 每日一学",,16开,0,,1版1次,平,,"初中,大学,高中,自学", 
7626,ISSN 1002-5553,,阳光英语 2010年第4期,ISSN 1002-5553.jpg,6,2010-4-15,《英语学习》杂志社 编,,"1 卷首语<br>观天下<br>特别关注<br>4   The Queen of Crime: In a Mind of Her Own  <br>侦探小说女王：阿加莎&#8226;克里斯蒂       <br>9   Hercule Poirot and Miss Jane Marple  <br>克里斯蒂笔下最著名的侦探人物：赫尔克里&#8226;波洛和简&#8226;马普尔小姐<br>10  How Agatha Christie Wrote  <br>侦探小说女王独特写作手法大揭秘<br>12  Agatha Christie’s Recommended Four Novels<br>阿加莎&#8226;克里斯蒂的四部小说推荐<br>14  新闻万花筒  <br>Apologies Go Down Better Through Right Ear对右耳道歉更有效<br>Two Generals Bet &pound;5 over the Fate of Europe两大将军，打赌二战<br>Clever Dolphins海豚聪明，不可玩赏<br>环球采风<br>21  Top Eight Big Cities That Are Not Capitals   <br>全球八大“冒牌”首府城市<br>科技&#8226;自然<br>24  Kenya Losing Lions and Fast  <br>肯尼亚狮子的悲歌<br>27 Light Pollution    <br>守护黑暗天空，细话光污染  <br>历史瞬间<br>38  Captain John Smith Is Saved by Pocahontas<br>走进真实的“风中奇缘”<br>文苑  <br>44  The Mysterious Affair at Styles<br>斯泰尔斯庄园奇案<br>品味人生 <br>48  The Little Tin Heart<br>小锡心<br>娱乐直通车<br>30 阳光DJ<br>The Ting Tings: The Alternative Indie-Pop Band<br>特立独行的丁丁乐队：掀起另类流行音乐风<br>36 新片快递<br>Date Night 约会之夜 / The Joneses琼斯一家（又译模范家庭） / Furry Vengeance 动物复仇记<br>37  酷人酷事<br>Olivia Palermo: A Newly-Emerged Socialite  <br>奥利维娅&#8226;巴勒莫：纽约新生代社交名媛<br>英语加油站<br>16  看电影学口语   <br>2012<br>52  英语咖啡馆<br>mouse potato<br>中文译名：鼠标土豆族<br>53  轻松学单词<br>yummy<br>54  日常会话  <br>Wearing Glasses 你喜欢哪种眼镜？<br>56  作文课堂<br>I Have Nothing to Be Proud of 我无以为傲<br>58  每日一学",,16开,0,,1版1次,平,,"初中,大学,高中,自学", 
7615,ISSN 1002-5553,,英语学习 2010年第4期,ISSN 1002-5553.jpg,6,2010-4-15,《英语学习》杂志社 编,"由北京外国语大学主办的月刊英语杂志，本刊为2010年第4期。 <br>本刊首创英语读物难度等级划分，它既有利于读者根据自己的水平循序渐进地提高英语水平，又有助于学习者把握自己的英语阅读进度，扩展有关知识。B（beginning）级适合于掌握近2000单词的高中学生及广大英语学习者。I（intermediate）级适合于拥有3000左右词汇的普通高校的低年级学生或同等水平的英语学习者。C（college）级适合于大学英语专业一二年级水平，词汇量在4000至5000上下的学习者。A（advanced）级为大学英语专业三四年级以上水平，词汇量超过6000的英语学习者。","the brave new world 缤纷世界<br>4 就在拉斯维加斯 / 发现！“最糟糕的名字”/为什么总是男性 ” / 在道歉？/ 终极反恐武器——人鼻<br><br>in the spotlight 聚光灯下<br>8 Is Aviation Security Mostly for Show? <br>航空安检，纯属作秀？ 【 I 】<br>12 Salinger: An Influential Voice, Even in “Silence” <br>塞林格：沉默的强音【 C 】<br><br>outlook 瞭望台<br>16 China at 60: Nostalgia and Progress <br>六十周年数字看中国【 I 】<br>19 Celebrating the Spirit of Giving <br>颂扬付出精神【 C 】<br>22 No, My Home Won’t Be a Hotel for Grown-up Kids <br>成年的孩子，请你离开家【 C 】<br><br>interview 访谈录<br>26 Is Google Ready to Leave China? <br>谷歌准备好撤出中国了吗?【 I 】<br><br>tales of life 人生纪事<br>31 I’m No Decider   <br>陌生人为我作选择【 I 】<br>34 Firmly Planted  <br>植物与人生【 I 】<br>36 Souvenirs  <br>纪念品【 I 】<br><br>assorted articles 蝶翼文丛 <br>70 Against Email <br>反对电子邮件【 C】<br>73 漫步的哲学<br><br>classic prose 经典文选<br>46 Character (Excerpt) <br>人格论（节译）【A】<br><br>literary corner 文学角<br>39 His Wife’s Deceased Sister <br>妻子的亡姊【 I 】<br>44 A Girl <br>女孩<br><br>49 西洋镜：马尔罗对中国革命的文学化建构<br>52 影视文化笔记：早期电影的女性先锋<br>56 杂文英译：别说我是新人 <br>他山之石<br>61 国际关系与恋爱关系<br>64 音乐、爱情和禅：莱昂纳多&#8226;科恩的歌<br>68 名校流韵：阿默斯特学院<br>about the language 英语杂谈<br>75 短文二则<br>77 词语故事：色彩的故事：从白眼狼到白狗子",,16开,0,,1版1次,平,,"大学,高中,英语专业,自学", 
7637,ISSN 1002-5553,,新锐空间 2010年第4期,ISSN 1002-5553.jpg,12,2010-4-15,《英语学习》杂志社 编,,"小编说话<br>Special Reports<br>8  Lifestyle 生活方式  medium <br>Frugality Key to the Economist’s Trade<br>经济学家的“省钱经”<br>经济学家们往往都很小气……让我们来看看本文吧。<br>18  Profile 人物  difficult <br>Behind the Dark Glasses: the World of Karl Lagerfeld<br>墨镜后的时尚大帝：卡尔&#8226;拉格菲尔德<br>卡尔是举世公认最具领导潮流能力的设计师之一，他具有源源不断的新创意，每一季都推出精彩绝伦的新作。你永远无法猜到卡尔&#8226;拉格菲尔德下季将推出什么风格，因此你也无法用任何一种风格将卡尔&#8226;拉格菲尔德作以概括。<br>Regular Sections<br>4 One Vision, One World 新锐视角  medium<br>16  Happy Hour 片刻轻松  easy<br>28  Fabric of Fashion  时尚解构 medium<br>The Sui Smell of Success <br>安娜&#8226;苏——成功的味道<br>安娜&#8226;苏告诉你：“你必须追随自己的梦想，即使它们看上去不切实际。这个来自底特律郊区的小姑娘怎么可能在纽约打出一片天下？一切全靠这个梦想。”<br>32  Savvy Health  魅力健康  medium<br>34  FQ Talk 财商特训  medium<br>37  The Racy Read  原味阅读   medium<br>42  In Taste  食尚   medium<br>44  Ask Art 洋洋得艺  medium<br>Picasso Tells The Truth About War      <br>毕加索：揭露战争的真相<br>1937年4月26日，德国法西斯空军恣意轰炸了西班牙历史名城——风光旖旎的小镇格尔尼卡，当时恰逢集市，无数无辜平民丧生，格尔尼卡被夷为平地。这一事件震撼了全世界，也震撼了毕加索。愤怒的天才画家毕加索，挥笔创作了大型油画《格尔尼卡》。七十多年过去了，这幅杰作已经成为警示战争灾难的文化符号之一，也使格尔尼卡的悲剧永远留在了人类伤痕累累的记忆中。 <br>48  Career Code  职场密经    medium<br>50  From West to East  东西纵横线  difficult<br>雅裨理的《中国日记》——第一位美国来华传教士笔下的“中国形象”<br>English Express<br>54  Big City, Small World  都市情景剧    easy<br>57  Language Watch  鲜活英语   <br>58  Everyday Talk  日常对话 easy<br>60  Beyond the Word  词林轶事 <br>61  Note-Book  新锐笔记",,16开,0,,1版1次,平,,"初中,大学,高中,自学", 
7625,ISSN 1002-5553,,阳光英语 2010年第3期,ISSN 1002-5553.jpg,6,2010-3-15,《英语学习》杂志社 编,,"1 卷首语<br>观天下<br>特别关注<br>4  Pets in the White House: Top 10 First Dogs and Cats<br>白宫十大宠物秀：第一家庭的猫猫狗狗们！<br>14新闻万花筒 <br>Beat the Blues by Going to Bed Early 早睡=快乐？<br>Scientists Create Formula for Perfect Parking 完美停车公式<br>Rotating House Puts Family in a Spin 别出心裁的旋转屋<br>环球采风<br>20 The World’s Tallest Buildings  世界最高建筑掠影<br>科技&#8226;自然<br>24 Hard Labour: How Animals Struggle to Survive<br>令人眼界大开的“辛劳”动物们<br>历史瞬间<br>28 President Nixon Meets Elvis<br>尼克松与猫王之传奇会面<br>品味人生<br>32 My Little Brother <br>我的小弟弟<br>文苑<br>36 The Luncheon (Excerpt) <br>午餐（节选）<br>娱乐直通车<br>40 阳光DJ  <br>Katie Melua: Sweet Sound of Music<br>凯蒂&#8226;梅卢阿：甜美清澈之音传四方<br>46 阳光快递<br>演出快递：Belcea String Quartet China Tour 贝尔希亚四重奏中国之行<br>炫歌快递：The Element of Freedom 自由元素<br>新片快递：Alice in Wonderland 爱丽丝梦游仙境 / Season of  the Witch 女巫季节 /<br>Clash of the Titans 泰坦之战<br>48 酷人酷事<br>It Girl—Kate Moss 时尚超模：凯特&#8226;莫斯<br>英语加油站<br>16 看电影学口语<br>Julie & Julia 茱莉与茱莉亚<br>50 作文课堂<br>Our Guiding Lights<br>52 英语咖啡馆<br>LOHAS 乐活族<br>53 轻松学单词<br>Bling Bling  <br>54 日常会话 <br>Allergy 你过敏了吗？<br>56每日一学<br>快乐进行时<br>63 轻松片刻 <br>Brainteasers 脑筋急转弯",,16开,0,,1版1次,平,,"初中,大学,高中,自学", 
7614,ISSN 1002-5553,,英语学习 2010年第3期,ISSN 1002-5553.jpg,6,2010-3-15,《英语学习》杂志社 编,"由北京外国语大学主办的月刊英语杂志，本刊为2010年第3期。 <br>本刊首创英语读物难度等级划分，它既有利于读者根据自己的水平循序渐进地提高英语水平，又有助于学习者把握自己的英语阅读进度，扩展有关知识。B（beginning）级适合于掌握近2000单词的高中学生及广大英语学习者。I（intermediate）级适合于拥有3000左右词汇的普通高校的低年级学生或同等水平的英语学习者。C（college）级适合于大学英语专业一二年级水平，词汇量在4000至5000上下的学习者。A（advanced）级为大学英语专业三四年级以上水平，词汇量超过6000的英语学习者。","the brave new world  缤纷世界<br>4 幸福有价：经济学家为人生大事算账 / 稀奇古怪的英国法律 / 韩国熄灯促造人 / 孩子疑惑，家长窘迫<br><br>in the spotlight  聚光灯下<br>8  Burj Dubai: Towering Ambition   <br>迪拜塔：神话的诞生还是破灭？【 C 】                 <br>11 Ben Bernanke in Age of Delusion<br>虚妄时代的本·伯南克【 C 】                       <br><br>outlook  瞭望台<br>14 Blue-Collar Brilliance<br>蓝领的智慧【 C 】                    <br>18 Reflections on the Torch Relay<br>火炬伦敦传递后的思考 【 I 】                      <br>22 Idolatry<br>《偶像》的魅力 【C】<br><br>interview  访谈录<br>25  Yale President on Elite Education<br>耶鲁校长谈精英教育【I】                         <br>　　<br>tales of life  人生纪事 <br>29 Private Eye, Public Ear  <br>私家侦探，耳听八方【I】               <br>32 Lessons on a Lake<br>湖边的聆听【E】                      <br>34 Well Dressed   <br>完美的衣装【E】                                                               <br>                               <br>assorted articles 蝶翼文丛                                            <br>68 In Praise of Porches                                         <br>游廊赞   【 I 】    <br>70  Beautiful Experiment  <br>美丽的实验【E 】                                                               <br>72  The Joy of Dirt  <br>脏兮兮，乐呵呵   【 I 】                         <br><br>classic prose  经典文选<br>42 Bits of Criticism (Excerpt) <br>评论点滴（节译）【A】                             <br>literary corner  文学角<br>36 The English Language<br>英语<br>38 Friday Afternoons on Bus Number 51<br>周五下午在51路公交车上   【I】         <br>　　<br>44  影视文化笔记：当代黑人独立导演及其代表作——美国银幕上的黑人形象（五）<br>48  汉玉精雕：《孟子》选<br>53  西洋镜：卡夫卡作品中若隐若现的中国<br>58  名校流韵：史密斯学院<br>他山之石<br>60  戴维·鲍伊与华丽摇滚     <br>64  文明的冲突？                       <br>  <br>about the language  英语杂谈<br>75  短文二则<br>77  词语故事：国家的故事：国土、爱国者、祖国等等（下）",,16开,0,,1版1次,平,,"大学,高中,英语专业,自学", 
7636,ISSN 1002-5553,,新锐空间 2010年第3期,ISSN 1002-5553.jpg,12,2010-3-15,《英语学习》杂志社 编,,"小编说话<br>Special Reports<br>10  Movie 电影 difficult<br>Avatar: A World of Wonder<br>《阿凡达》的奇妙世界<br>30  Profile 人物  medium<br>Carla Bruni: from Catwalk to &Eacute;lysée Palace<br>卡拉&#8226;布吕尼：从T型台到爱丽舍宫<br>42  Mystery 探秘  difficult<br>The Mystery of Atlantis—Fact, Fiction or Exaggeration?<br>亚特兰蒂斯之谜——事实、虚构还是夸张？<br>Regular Sections<br>4 One Vision, One World 新锐视角  medium<br>Jeweller Designs Rings with Plants Growing Inside Them<br>“苔藓”戒指<br>Scientists Find Formula for Beautiful Face<br>完美面孔公式<br>Women Now “Better with Gadgets Than Men”<br>女性才是科技达人？<br>Iceland, Thailand, London: 2010’s Best-Value Destinations<br>2010年最佳旅游目的地<br>8  Smart & Sharp 科技先锋  medium<br>Electrolux IPod Vacuum Cleaner  <br>伊莱克斯IPod音乐吸尘器<br>Transparent Toaster <br>透明烤面包机<br>18 Fabric of Fashion 时尚解构  medium<br>The Latest Style: Self-Denial<br>节俭风，新时尚<br>23 Global Panorama 世界掠影  medium<br>Copenhagen, a Green City?<br>哥本哈根，环保城市？<br>26 Ask Art 洋洋得艺 difficult<br>Bravo for Opera<br>为歌剧喝彩<br>36 In Taste  食尚  medium<br>Tapas&not;：The Most Popular of Spanish Traditional Foods   <br>tapas——不得不尝的西班牙美味<br>38  Career Code  职场密经  medium<br>Office Jealousy—How to Deal with It?  <br>“职场嫉妒症”应对秘笈 <br>40  FQ Talk 财商特训  difficult<br>Excuse Me, Where’s The Exit Point?<br>何时“离市”好呢？<br>47  The Racy Read  原味阅读  medium<br>84, Charing Cross Road<br>查令十字街84号<br>52  Savvy Health  魅力健康 medium<br>Why Women Should Ditch the Stilettos?<br>别了，高跟鞋！<br>54  All Star  星闻 easy<br>Johnny Depp Makes Most Stylish GQ Men in the World List <br>Susan Boyle: Dreams Can Come True Coming to Bookstores <br>English Express<br>55  Language Watch  鲜活英语   easy<br>56  Everyday Talk  日常对话    easy<br>58  Big City, Small World  都市情景剧  easy<br>60  Beyond the Word  词林轶事 <br>61  Note-Book  新锐笔记",,16开,0,,1版1次,平,,"初中,大学,高中,自学", 
7624,ISSN 1002-5553,,阳光英语 2010年第2期,ISSN 1002-5553.jpg,6,2010-2-15,《英语学习》杂志社 编,,"1 卷首语<br>观天下<br>特别关注<br>4 Paris’ Annual Crillon Ball<br>探秘法国“名门千金成年舞会”<br>14 新闻万花筒<br>Scientists Create the World’s Smallest “Snowman”<br>世界上最小的“雪人”<br>Harry Potter-style Invisibility Cloak Could Be Created<br>梦想成真——哈利*波特的隐形斗篷有望问世<br>99-year-old Safest Driver—No Speeding Tickets in 84 Years <br>英国安全驾驶第一人<br>阳光体育场<br>20   In Memory of Robert Enke<br>缅怀罗伯特&#8226;恩克<br>环球采风 <br>26 华盛顿国际间谍博物馆<br>The International Spy Museum  <br>品味人生<br>28 Acknowledging a Special Treat<br>当电影落幕时……<br>文苑<br>30 How the Camel Got His Hump<br>骆驼为什么长驼峰<br>历史瞬间<br>36 Apollo 8: The First Voyage to the Moon <br>阿波罗8号：首次登月之旅<br>娱乐直通车<br>42 酷人酷事<br>All About Music: Katy Perry 美国新晋超人气歌手--凯蒂&#8226;<br>44 阳光DJ<br>Chris Brown—US R&B Big Shot<br>克里斯&#8226;布朗：歌坛嘻哈小天王<br>52 阳光快递<br>演出快递：Irish Tap Dance Riverdance Beijing Tour 2010《大河之舞》北京巡演<br>炫歌快递：I Dreamed a Dream 我曾有梦<br>新片快递：Dear John分手信  / Percy Jackson & the Olympians: Lightning Thief  <br>珀西&#8226;杰克逊和闪电窃贼 / Shutter Island 禁闭岛<br>快乐进行时<br>49 轻松片刻 <br>Brainteasers 脑筋急转弯<br>英语加油站<br>16 看电影学口语<br>(500) Days of Summer 和莎莫的500天<br>50 英语咖啡馆<br>呆痞(族) Duppie <br>51 轻松学单词<br>Collar Workers  <br>54 作文课堂<br>The Eternal Beauty After Reading Tess<br>56日常会话 <br>Valentine’s Day 情人节<br>58 实战阅读",,16开,0,,1版1次,平,,"初中,大学,高中,自学", 
7635,ISSN 1002-5553,,新锐空间 2010年第2期,ISSN 1002-5553.jpg,12,2010-2-15,《英语学习》杂志社 编,,"Special Reports<br>10  Travel  旅游     medium<br>Top Five National Parks Across the World<br>世界五大国家公园总动员<br>相信大家对公园并不陌生，它是假日里休闲放松的好去处。可是你知道么，世界上有这样一种公园，它的面积甚至比一个国家更辽阔，它远离城市的喧嚣，与美丽的大自然水乳交融。在这里，你体验到的不是小桥流水的默默温情，而是高山大海的雄浑气魄，森林湖泊的摄人魅力，目之所及并非寻常家畜，而是这个星球孕育的最为宝贵的珍稀物种。没错，这就是国家公园——我们所生活的生态环境的缩影和精华。本文为你精心甄选了世界上最为知名、颇具代表性的五大国家公园，它们个个经典，座座出色，令你还未出发就先一饱眼福！<br>44  Lifestyle 生活方式  medium  <br>How Facebook Is Making Friending Obsolete<br>社交网站，友情贬值？<br>近几年，社交网站悄然兴起，可谓越来越火爆；而随着社交网站信息设置的公开化，越来越多的个人隐私也暴露人前。在有可能被公之于众的压力下，你是否还会毫无顾忌地与好友闲聊？与他们亲密的互动是否又演化成一种不真实的秀呢？<br>REGULAR SECTIONS<br>4 One Vision, One World  新锐视角  medium  <br>8  Happy Hour  片刻轻松 easy  <br>24  Smart & Sharp  科技先锋   <br>26  Savvy Health  魅力健康  medium <br>28  Ask-Art  洋洋得艺  medium   <br>Chopin: International Treasure<br>肖邦：世界的珍宝<br>32  Career Code  职场密经  easy  <br>Managing Your Emotions at Work<br>职场不良情绪应对妙策<br>人在职场，堆积如山的工作，上司老板的斥责以及遭裁员的危机都可能成为压垮情绪的“最后一根稻草”，如何将这些不良情绪化解于无形、重新轻松高效地投入工作呢？本文给出了一些妙策……<br>36  In Taste  食尚  easy<br>38  The Racy Read 原味阅读  difficult<br>Catch-22<br>第二十二条军规<br>美国小说家约瑟夫&#8226;海勒是“黑色幽默”派文学的代表人物之一，其第一部小说《第二十二条军规》已成为讽刺文学的经典之作，被誉为“黑色喜剧”的鼻祖。这部小说影响深远，以至于在当代美语中，Catch-22已作为一个独立词组进入美国人的日常用语中……<br>48  FQ Talk  财商特训   difficult<br>52  Global Panorama  世界掠影  medium<br>Spiritual Sweat Lodge  <br>山林小屋静修记<br>The Legendary Monaco<br>奢华浪漫摩纳哥<br>English Express  英语快车<br>57  Language Watch  鲜活英语  easy<br>58  Everyday Talk  日常对话  easy   <br>60  Big City, Small World   都市情景剧  easy  <br>62  Beyond the Word  词林轶事 <br>63  Note-Book  新锐笔记",,16开,0,,1版1次,平,,"初中,大学,高中,自学", 
7613,ISSN 1002-5553,,英语学习 2010年第2期,ISSN 1002-5553.jpg,6,2010-2-15,《英语学习》杂志社 编,"由北京外国语大学主办的月刊英语杂志，本刊为2009年第2期。 <br>本刊首创英语读物难度等级划分，它既有利于读者根据自己的水平循序渐进地提高英语水平，又有助于学习者把握自己的英语阅读进度，扩展有关知识。B（beginning）级适合于掌握近2000单词的高中学生及广大英语学习者。I（intermediate）级适合于拥有3000左右词汇的普通高校的低年级学生或同等水平的英语学习者。C（college）级适合于大学英语专业一二年级水平，词汇量在4000至5000上下的学习者。A（advanced）级为大学英语专业三四年级以上水平，词汇量超过6000的英语学习者。","the brave new world 缤纷世界<br>4 家的味道／病床前的鲜花／男女逛街，差异何来？——进化的结果／办公室最常见陈词滥调<br><br>in the spotlight 聚光灯下<br>8 The Tiger Woods Scandal and Celebrity Endorsements<br>“老虎”伍兹丑闻与明星代言 【 C 】<br>11 Remembering Paul A. Samuelson<br>缅怀保罗&#8226;A. 塞缪尔森 【 C 】<br><br>outlook 瞭望台<br>14 The Lonely American<br>孤独的美国人【 C 】<br>18 Timing Is Everything<br>时间就是一切【 C 】<br>21 傅莹大使专栏<br>Remembering David Hawkes<br>忆霍克斯先生 【 I 】<br><br>interview 访谈录<br>24 Father of the Internet on Digital Revolution<br>互联网之父谈数字化革命【 I 】<br><br>tales of life 人生纪事<br>29 A Pen by the Phone<br>电话旁，备支笔【 I 】<br>32 Elegy from a Postie...<br>邮递员的感伤 【 I 】<br>34 Only Disconnect<br>不上网的日子 【 I 】<br><br>assorted articles 蝶翼文丛<br>68 The Yard Sale<br>庭院旧货甩卖【 I 】<br>70 All Made Up<br>人生如妆 【 C 】<br><br>classic prose 经典文选<br>51 The Selfish Gene（Excerpt）<br>自私的基因（节译）【A】<br><br>literary corner 文学角<br>36 Binsey Poplars, Felled 1879?<br>滨西的白杨<br>38 What He Was Like<br>他究竟是怎样的人【 I 】<br><br>42 杂文英译：读书心态<br>46 影视文化笔记：当代好莱坞黑人影星<br>—— 美国银幕上的黑人形象（四）<br>西洋镜<br>54 徘徊于高尚与卑鄙之间的好人<br>——布莱希特的《四川好人》<br>59 龙与鹰的初相逢<br>62 名校流韵：瓦萨学院<br>64 他山之石：赤足舞蹈：Patti Smith<br><br>about the language 英语杂谈<br>75 短文二则<br>77 词语故事：<br>国家的故事：从乡村、米字旗到欧盟（中）",,16开,0,,1版1次,平,,"大学,高中,英语专业,自学", 
48549,978-7-5600-9148-8,,英语学习(2009年下半年合订本),978-7-5600-9148-8.jpg,25,2010-1-22,《英语学习》编辑部 编,"《英语学习》2009年下半年7－12期的合辑。 <br>《英语学习》于1958年创刊，是中国第一本英语教辅杂志，由北京外国语大学英语系和外语教学与研究出版社联合推出。杂志集知识性、学习性和趣味性为一体，是教育部、国家新闻出版总署优秀外语期刊、免检期刊。在“2005年度校园先锋媒体”评奖中，《英语学习》荣获外语类期刊第一名。",,,16开,0,,1版1次,平,,"初中,大学,高中,自学", 
47597,978-7-5600-8708-5,,英语学习(2009年上半年合订本),978-7-5600-8708-5.jpg,25,2010-1-22,《英语学习》编辑部 编,"《英语学习》2009年上半年1－6期的合辑。 <br>《英语学习》于1958年创刊，是中国第一本英语教辅杂志，由北京外国语大学英语系和外语教学与研究出版社联合推出。杂志集知识性、学习性和趣味性为一体，是教育部、国家新闻出版总署优秀外语期刊、免检期刊。在“2005年度校园先锋媒体”评奖中，《英语学习》荣获外语类期刊第一名。",,,16开,0,,1版1次,平,,"初中,大学,高级,自学", 
7623,ISSN 1002-5553,,阳光英语 2010年第1期,ISSN 1002-5553.jpg,6,2010-1-15,《英语学习》杂志社 编,,"1 卷首语<br>观天下<br>特别关注<br>4  Alfred Nobel: The Man and His Prizes <br>诺贝尔奖面面观<br>7 How Nobel Winners Spend Their Prize Money? <br>诺贝尔奖金怎么花？<br>11 Ernest Hemingway’s Nobel Prize Acceptance Speech<br>海明威：诺贝尔文学奖获奖感言<br>12 Nobel Prize Fun Facts <br>趣说诺贝尔奖<br>14 新闻万花筒 <br>Leonardo da Vinci Picture “Worth Millions” Revealed by a Fingerprint<br>指纹揭秘达&#8226;芬奇画作<br>Japan’s Ex-PM Koizumi Moves into Voice Acting to Become Ultraman King<br>日本前首相“献声”奥特曼<br>Maldives Government Holds Underwater Cabinet Meeting<br>马尔代夫水下内阁会议<br>历史瞬间<br>20 The Battle of Agincourt<br>著名的阿金库尔战役纪实<br>科技自然  <br>26 Top 9 Mysterious Things in the Universe<br>浩瀚星空：九大神秘物质盘点<br>阳光体育场<br>30 Curling: Throwing Stones for Fun and Glory!<br>冰壶：溜石球，乐悠游<br>品味人生 <br>38 The Happiest Day of My Life<br>生命中最幸福的日子<br>文苑  <br>42 Jane Eyre (Excerpt)<br>简&#8226;爱（节选）<br>环球采风<br>46 Mr. Harvard Freshman<br>哈佛超级鲜男<br>娱乐直通车<br>33阳光DJ<br>Jason Mraz: The Music Wizard<br>音乐男巫：贾森&#8226;玛耶兹<br>48 酷人酷事<br>Emily Osment <br>迪斯尼造星工厂的又一颗新星——艾米莉&#8226;奥斯蒙特<br>50 阳光快递<br>演出快递 <br>Super Junior Beijing Concert 超级少年北京演唱会<br>炫歌快递 <br>The Twilight Saga: New Moon soundtrack  《暮光之城：新月》电影原声乐<br>新片快递 <br>Leap Year闰年<br>The Spy Next Door 邻家特工<br>Legion 基督再临<br>快乐进行时<br>56 轻松片刻<br>What Did They Say When Departing?<br>临终妙语<br>英语加油站<br>16看电影学口语<br>My Sister’s Keeper <br>《姐姐的守护者》<br>52 日常会话  <br>New Year Gathering  <br>新年聚会<br>54 作文课堂<br>Destroyed, Yet Undefeated—Views on The Old Man and the Sea<br>58 英语咖啡馆<br>Flash mob 快闪族<br>59 实战阅读",,16开,0,,1版1次,平,,"初中,大学,高中,自学", 
7634,ISSN 1002-5553,,新锐空间 2010年第1期,ISSN 1002-5553.jpg,12,2010-1-15,《英语学习》杂志社 编,,"小编说话<br>Special Reports<br>8  Book 阅读 <br>Vision-Wise Picks: Change Your Life in 2010 <br>新锐悦读：2010 改变你的人生<br>亚里士多德把阅读的功用归结为教育与娱乐，英国思想家培根的话更是耳熟能详：读书使人明智，使人愉悦……如今《新锐空间》的编辑们就遵循先贤的教诲，从近年欧美出版的书籍当中为大家精心挑选了五本好书，希望对每一位读者都能有所帮助。《部落：一呼百应的力量》向所有拥有雄心壮志的人们展现了网络时代的机遇；而《高效能人士的7 个习惯》则有效地帮助人们脚踏实地地实现自己的梦想；《小猫杜威》是温馨的故事，读完后也许你会微笑，也许你会感动；《我在法国的岁月》展示了平凡生活的美妙；而《纸房子》则是留于那些心存梦幻的人们的…… <br>轻松“悦读”，改变人生！<br>34  Mystery 探秘  <br>The Mystery of Crop Circles<br>神秘的麦田怪圈之谜<br>在黑暗的掩护下，悄然发生的是异度空间无法破译的密码？还是故弄玄虚、行为艺术彰<br>显自我的玩笑？抑或是巧夺天工、存在即合理的自然奇葩？无数的圆、线、角构建出一座座悬念的迷宫。<br>Regular Sections<br>4   One Vision, One World 新锐视角<br>Blue Roses to Debut in Japan <br>日本：世界上第一支蓝色玫瑰<br>20  Happy Hour 片刻轻松<br>22  Smart & Sharp 科技先锋<br>Bladeless Room Fan <br>无叶片风扇<br>炎炎夏日，常常要吹风扇。可是在享受清爽凉风之余，你是否总苦于清洗扇叶，感到很麻烦？现在有了这款无叶片风扇，你就不用再发愁了。<br>Kymera Magic Wand Remote Control <br>魔杖遥控器<br>哈利&#8226; 波特迷们终于可以拥有自己的魔杖啦！只要轻轻挥舞魔杖，电视机就会乖乖地<br>听你指挥。<br>24  Fabric of Fashion 时尚解构<br>27  Ask Art 洋洋得艺<br>Looking Through Vincent’s Eyes <br>透过梵高的眼睛看世界<br>30  The Racy Read 原味阅读<br>44  FQ Talk 财商特训<br>46  Global Panorama 世界掠影<br>51  In Taste 食尚<br>A Trifle on Truffles<br>松露小传：上帝才知道的芬芳<br>52  Savvy Health 魅力健康<br>54  All-Star 星闻<br>English Express<br>55  Language Watch 鲜活英语<br>56  Big City, Small World 都市情景剧     <br>58  Everyday Talk 日常对话<br>60  Beyond the Word 词林轶事<br>61  Note-Book 新锐笔记",,16开,0,,1版1次,平,,"初中,大学,高中,自学", 
7612,ISSN 1002-5553,,英语学习 2010年第1期,ISSN 1002-5553.jpg,6,2010-1-15,《英语学习》杂志社 编,"由北京外国语大学主办的月刊英语杂志，本刊为2010年第1期。 <br>本刊首创英语读物难度等级划分，它既有利于读者根据自己的水平循序渐进地提高英语水平，又有助于学习者把握自己的英语阅读进度，扩展有关知识。B（beginning）级适合于掌握近2000单词的高中学生及广大英语学习者。I（intermediate）级适合于拥有3000左右词汇的普通高校的低年级学生或同等水平的英语学习者。C（college）级适合于大学英语专业一二年级水平，词汇量在4000至5000上下的学习者。A（advanced）级为大学英语专业三四年级以上水平，词汇量超过6000的英语学习者。","the brave new world  缤纷世界 <br>4 为“内战”夫妇度假买单 / 最讨厌词汇出炉：“随便”夺冠 / 2009年全球饥饿人口超10亿 / 悲观消极助记忆 / 最恼火的事：没赶上公交车<br><br>in the spotlight  聚光灯下 <br>8  The Story of Barack Obama’s Mother      <br>奥巴马母亲的故事                     <br>12 Usain Bolt and the Limits of Human Speed<br>尤塞恩&#8226;博尔特以及人类的速度极限                     <br><br>outlook  瞭望台 <br>15 Where Wikipedia Ends  维基百科：末日来临？                    <br>18 The Sick, Degrading Culture of Celebrity<br>病态堕落的名人文化                  <br><br>interview  访谈录 <br>22  China Seeks to Communicate Better with the World<br>与世界更好地交流沟通<br><br>tales of life  人生纪事 <br>27 Life as a Hero  <br>当英雄的日子<br>30 Cheap Father<br>“铁公鸡”爸爸                      <br>32 A Frugal Mantra for Hard Times  <br>艰难时世节俭经                                                               <br>34 Pigskin Passion Relived<br>橄榄球，再为你疯狂       <br>                               <br>assorted articles 蝶翼文丛                                               <br>67 The Amateur Spirit    <br>业余者精神                                                           <br>70 Reflections on Swimming     <br>游泳的感想   <br>72  The Art of a Lively Conversation<br>交谈的艺术               <br><br>classic prose  经典文选 <br>43 Toys (Excerpt)   玩具（节译）   <br>   <br>literary corner  文学角 <br>36 The Force that Through the Green Fuse Drives the Flower<br>通过绿色的茎管催动花朵的力<br>38 Old Timer<br>旧日丽人          <br>46  影视文化笔记：“黑人炒作电影”——美国银幕上的黑人形象（三）<br>49  西洋镜：奥尼尔的“戏剧中国”<br>54  名校流韵：小常春藤上的一片绿叶——威斯里安学院<br>56  汉玉精雕：《孟子》选<br>59  对话雅典娜：前苏格拉底哲学家（六）<br>63  他山之石：黑暗中的嘶喊：黑色安息日       <br>            <br>about the language  英语杂谈<br>74  短文二则<br>78  词语故事：国家的故事：从《建国大业》说起（上）",,16开,0,,1版1次,平,,"大学,高中,英语专业,自学", 
7633,ISSN 1002-5553,,新锐空间 2009年第12期,ISSN 1002-5553.jpg,12,2009-12-15,《英语学习》杂志社 编,,"小编说话<br>Special Reports<br>8  Travel 旅游  difficult<br>The Holiday in the Winter<br>冬日里的盛会<br>圣诞节是英国一年中最为重要的节日。那么，除了我们耳熟能详的圣诞树和圣诞老人之外，英国各地的人们又是怎样用数世纪沿袭下来的传统欢庆这一节日呢？<br>24  Society 社会  medium  <br>The Story Behind Reader’s Digest<br>《读者文摘》：荣衰背后的故事<br>《读者文摘》一度是全球最响亮的杂志品牌。自第一次世界大战后创刊以来，它就以其独树一帜的小开本、清新的文风和品味不凡的内容赢得了全世界近一亿读者的青睐。然而，在经历半个多世纪的辉煌之后，这本老牌杂志却仿佛一位迟暮的老人，逐渐丧失了活力与光彩。去年，《读者文摘》更申请破产保护，以重组债务。就如同文摘中经常刊登的传奇故事一般，《读者文摘》本身也上演了一部传奇，尽管结局令人黯然。<br>Regular Sections<br>4 One Vision, One World 新锐视角  medium<br>18  Smart & Sharp 科技先锋  medium<br>20  Savvy Health  魅力健康 difficult<br>22  Global Panorama 世界掠影  medium<br>34  Ask Art 洋洋得艺  medium<br>What Makes Pop Art Pop<br>波普艺术咋就这么潮？<br>你可能没有听说过安迪&#8226;沃霍尔，但是你一定在某处看到过他的代表作《金色的玛丽莲&#8226;梦露》，画面上是成排的梦露头像，她那标志性的笑容经过工业印刷技术被套上各种颜色，好似一幅绚丽的拼图。没错，这幅画就是波普艺术的经典巨作。沃霍尔所代表的波普艺术正是通过就地取材，将生活中的各种流行事物以绘画、雕塑等艺术形式加以表现，供人们玩味、思索。“流行”早已改朝换代，而兴起于1960年代的波普艺术至今仍活跃在艺术领域当中。也许，那看似简单、空洞的画面背后真有一种难以言传的魅力，吸引着一代代艺术家和观众的目光。<br>37  Happy Hour 片刻轻松 easy<br>38  The Racy Read  原味阅读   difficult<br>42  FQ Talk 财商特训<br>44  Fabric of Fashion  时尚解构 medium<br>50  Career Code  职场密经   medium<br>63  All-Star  星闻  easy<br>English Express<br>54  Language Watch  鲜活英语  easy<br>56  Everyday Talk  日常对话     easy<br>58  Big City, Small World  都市情景剧    easy<br>60  Beyond the Word  词林轶事 <br>61  Note-Book  新锐笔记",,16开,0,,1版1次,平,,"初中,大学,高中,自学", 
7622,ISSN 1002-5553,,阳光英语 2009年第12期,ISSN 1002-5553.jpg,6,2009-12-15,《英语学习》杂志社 编,,"1 卷首语<br>观天下<br>特别关注<br>4   3D Movies: Coming Back at You   <br>3D立体大电影卷土重来！<br> Biological Basis for Why 3D Movies Work 3D立体电影：两只眼睛看世界／<br>The Great 2009 3D Movies 2009年3D电影大盘点／Top Five 3D Movies in 2010 2010年最值得期待的五部3D电影<br>14  新闻万花筒  <br>Queen Victoria’s Underwear “Part of Nation’s Heritage” 女王内衣裤成“国宝”<br>Toyota Developing Anti-drunk Driving Gadget 丰田开发防醉驾装置<br>Scientists Identify Coldest Place on Earth 地球最冷地点<br>阳光体育场   <br>20  My First Downhill Skiing Experience<br>我的第一次速降滑雪经历<br>环球采风<br>24  The Elephant House Coffee Shop in Edinburgh<br>“孵出”哈利&#8226;波特的大象咖啡馆<br>品味人生   <br>28  Great Street Sweeper Who Did His Job Well <br>    清道夫的杰出人生<br>科技&#8226;自然<br>30 Emperor Penguin: The Interesting Penguin Species<br>   帝企鹅的奇妙王国<br>文苑   <br>35  Heidi 小海蒂   <br>历史瞬间<br>38  Mistresses of the Sea: Female Pirates Mary Read & Anne Bonny <br>海洋的情人：女海盗玛丽&#8226;雷德和安妮&#8226;波尼<br>娱乐直通车<br>44 阳光DJ<br>Lady GaGa: The New Queen of Pop Music<br>嘎嘎小姐：美国流行音乐新晋天后<br>50 阳光快递<br>演出快递：Lang Lang Piano Concert<br>朗朗钢琴音乐会<br>炫歌快递：Blueprint 3 蓝图3<br>新片快递：The Lovely Bones 可爱的骨头；Did You Hear About the Morgans? 你听说摩根一家了吗？；Sherlock Holmes 大侦探福尔摩斯<br>52 酷人酷事<br>Georgina Bloomberg’s Charmed Life  乔治娜&#8226;布隆伯格的幸运生活<br>快乐进行时<br>53 轻松片刻<br>Brainteasers 脑筋急转弯<br>英语加油站<br>16  看电影学口语<br>The Proposal《假结婚》<br>54 英语咖啡馆<br>babydult = baby+ adult的组合形式<br>中文译名：婴孩式大人<br>56 作文课堂<br>Two Truths to Live By<br>两个真理的感悟<br>58 日常会话  <br>Christmas 圣诞节<br>60  实战阅读",,16开,0,,1版1次,平,,"初中,大学,高中,自学", 
7611,ISSN 1002-5553,,英语学习 2009年第12期,ISSN 1002-5553.jpg,6,2009-12-15,《英语学习》杂志社 编,"由北京外国语大学主办的月刊英语杂志，本刊为2009年第12期。 <br>本刊首创英语读物难度等级划分，它既有利于读者根据自己的水平循序渐进地提高英语水平，又有助于学习者把握自己的英语阅读进度，扩展有关知识。B（beginning）级适合于掌握近2000单词的高中学生及广大英语学习者。I（intermediate）级适合于拥有3000左右词汇的普通高校的低年级学生或同等水平的英语学习者。C（college）级适合于大学英语专业一二年级水平，词汇量在4000至5000上下的学习者。A（advanced）级为大学英语专业三四年级以上水平，词汇量超过6000的英语学习者。","the brave new world 缤纷世界<br>4 “携毒”的美钞 / 因特网：“究竟哪天是我生日？” /出轨短信——离婚官司的新证据 / 法国部长：为总统而减肥！<br><br>in the spotlight 聚光灯下<br>8 The Single Most Important Scientific Instrument of All Time<br>史上最重要的科学发明：伽利略天文望远镜<br>12 In Memory of Walter Cronkite<br>缅怀沃尔特&#8226;克朗凯特 <br><br>outlook 瞭望台<br>15 Happiness: a Buyer’s Guide<br>消费指南：你幸福吗？<br>18 Is It the Athlete or the Equipment?<br>科技：体育的促进者还是破坏者？<br><br>interview 访谈录<br>22 The Transformation of China’s Military<br>中国的军队变革<br>tales of life 人生纪事<br>27 When the Natives Aren’t Friendly <br>当本地人并不友善时<br>30 Friend or Fern?  <br>朋友，抑或蕨类植物？<br>32 Drawn Unerringly Toward Home <br>归巢<br>34 Alzheimer’s: The Last Mother-Daughter Act  <br>我与妈妈的最后一幕<br><br>assorted articles 蝶翼文丛<br>67 Final Edition<br>最后的故事 <br>70 The Lost Art of Reading<br>失去的读书之道 <br><br>classic prose 经典文选<br>47 Right and Left (Excerpt)<br>右与左（节译）<br><br>literary corner 文学角<br>37 The Master’s Mistake<br>老师的便条<br>40 Thistles<br><br>42 影视文化笔记<br>Sidney Poitier<br>—Images of African Americans on Screen (II)<br>黑人影帝波蒂埃——美国银幕上的黑人形象（二）<br>50 杂文英译：傲慢的“我们“<br>53 人文教育：纽曼与大学的理念（十）<br>56 对话雅典娜<br>前苏格拉底哲学家（五）<br>60 名校流韵：维也纳大学：皇冠上的明珠<br>62 西洋镜： 赛珍珠的《大地》：关于中国农民与农村的史诗<br><br>about the language 英语杂谈<br>73 Douche Bag: 混球！<br>74 词语故事：颜色的故事：从黑社会说起<br>76 短文二则",,16开,0,,1版1次,平,,"大学,高中,英语专业,自学", 
7621,ISSN 1002-5553,,阳光英语 2009年第11期,ISSN 1002-5553.jpg,6,2009-11-15,《英语学习》杂志社 编,,,,16开,0,,1版1次,平,,"初中,大学,高中,自学", 
7632,ISSN 1002-5553,,新锐空间 2009年第11期,ISSN 1002-5553.jpg,12,2009-11-15,《英语学习》杂志社 编,,,,16开,0,,1版1次,平,,"初中,大学,高中,自学", 
7610,ISSN 1002-5553,,英语学习 2009年第11期,ISSN 1002-5553.jpg,6,2009-11-15,《英语学习》杂志社 编,"由北京外国语大学主办的月刊英语杂志，本刊为2009年第11期。 <br>本刊首创英语读物难度等级划分，它既有利于读者根据自己的水平循序渐进地提高英语水平，又有助于学习者把握自己的英语阅读进度，扩展有关知识。B（beginning）级适合于掌握近2000单词的高中学生及广大英语学习者。I（intermediate）级适合于拥有3000左右词汇的普通高校的低年级学生或同等水平的英语学习者。C（college）级适合于大学英语专业一二年级水平，词汇量在4000至5000上下的学习者。A（advanced）级为大学英语专业三四年级以上水平，词汇量超过6000的英语学习者。",,,16开,0,,1版1次,平,,"大学,高中,英语专业,自学", 
7609,ISSN 1002-5553,,英语学习 2009年第10期,ISSN 1002-5553.jpg,6,2009-10-15,《英语学习》杂志社 编,"由北京外国语大学主办的月刊英语杂志，本刊为2009年第10期。 <br>本刊首创英语读物难度等级划分，它既有利于读者根据自己的水平循序渐进地提高英语水平，又有助于学习者把握自己的英语阅读进度，扩展有关知识。B（beginning）级适合于掌握近2000单词的高中学生及广大英语学习者。I（intermediate）级适合于拥有3000左右词汇的普通高校的低年级学生或同等水平的英语学习者。C（college）级适合于大学英语专业一二年级水平，词汇量在4000至5000上下的学习者。A（advanced）级为大学英语专业三四年级以上水平，词汇量超过6000的英语学习者。",,,16开,0,,1版1次,平,,"大学,高中,英语专业,自学", 
7620,ISSN 1002-5553,,阳光英语 2009年第10期,ISSN 1002-5553.jpg,6,2009-10-15,《英语学习》杂志社 编,,,,16开,0,,1版1次,平,,"初中,大学,高中,自学", 
7631,ISSN 1002-5553,,新锐空间 2009年第10期,ISSN 1002-5553.jpg,12,2009-10-15,《英语学习》杂志社 编,,,,16开,0,,1版1次,平,,"初中,大学,高中,自学", 
7630,ISSN 1002-5553,,新锐空间 2009年第9期,ISSN 1002-5553.jpg,12,2009-9-15,《英语学习》杂志社 编,,,,16开,0,,1版1次,平,,"初中,大学,高中,自学", 
7608,ISSN 1002-5553,,英语学习 2009年第9期,ISSN 1002-5553.jpg,6,2009-9-15,《英语学习》杂志社 编,"由北京外国语大学主办的月刊英语杂志，本刊为2009年第9期。 <br>本刊首创英语读物难度等级划分，它既有利于读者根据自己的水平循序渐进地提高英语水平，又有助于学习者把握自己的英语阅读进度，扩展有关知识。B（beginning）级适合于掌握近2000单词的高中学生及广大英语学习者。I（intermediate）级适合于拥有3000左右词汇的普通高校的低年级学生或同等水平的英语学习者。C（college）级适合于大学英语专业一二年级水平，词汇量在4000至5000上下的学习者。A（advanced）级为大学英语专业三四年级以上水平，词汇量超过6000的英语学习者。",,,16开,0,,1版1次,平,,"大学,高中,英语专业,自学", 
7619,ISSN 1002-5553,,阳光英语 2009年第9期,ISSN 1002-5553.jpg,6,2009-9-15,《英语学习》杂志社 编,,,,16开,0,,1版1次,平,,"初中,大学,高中,自学", 
46836,978-7-5600-8092-5,,阳光英语(2008年7-9月合辑),978-7-5600-8092-5.jpg,12,2009-3-12,《英语学习》编辑部 编,本书是《阳光英语》2008年7-9月的合辑。,"《阳光英语》2008年7月号 <br>《阳光英语》2008年8月号 <br>《阳光英语》2008年9月号",,16开,192,,1版1次,平,,"初中,大学,高中,自学", 
46838,978-7-5600-8094-9,,新锐空间(2008年1-3月合辑)(含CD3张),978-7-5600-8094-9.jpg,25,2009-3-12,《英语学习》编辑部 编,本书是《新锐空间》2008年1月至3月的合辑。,"《新锐空间》2008年4月号 <br>《新锐空间》2008年5月号 <br>《新锐空间》2008年6月号",,大16开,192,,1版1次,平,,"初中,大学,高中,自学", 
46839,978-7-5600-8095-6,,新锐空间(2008年4-6月合辑)(含CD3张),978-7-5600-8095-6.jpg,25,2009-3-12,《英语学习》编辑部 编,本书是《新锐空间》2008年4月至6月的合辑。,"《新锐空间》2008年4月号<br>《新锐空间》2008年5月号<br>《新锐空间》2008年6月号",,大16开,192,,1版1次,平,,"初中,大学,高中,自学", 
46831,978-7-5600-8087-1,,英语学习(2007年1-3月合辑),978-7-5600-8087-1.jpg,13,2009-3-12,《英语学习》编辑部 编,本书是《英语学习》2007年1-3月的合辑。,"《英语学习》2007年1月号<br>《英语学习》2007年2月号<br>《英语学习》2007年3月号",,大16开,240,,1版1次,平,,"初中,大学,高中,自学", 
46837,978-7-5600-8093-2,,阳光英语(2008年10-12月合辑),978-7-5600-8093-2.jpg,12,2009-3-12,《英语学习》编辑部 编,本书是《阳光英语》2008年10-12月的合辑。,"《阳光英语》2008年10月号 <br>《阳光英语》2008年11月号 <br>《阳光英语》2008年12月号",,大16开,192,,1版1次,平,,"初中,大学,高中,自学", 
46835,978-7-5600-8091-8,,阳光英语(2008年4-6月合辑),978-7-5600-8091-8.jpg,12,2009-3-12,《英语学习》编辑部 编,本书是《阳光英语》2008年4-6月的合辑。,"《阳光英语》2008年4月号<br>《阳光英语》2008年5月号<br>《阳光英语》2008年6月号",,16开,192,,1版1次,平,,"初中,大学,高中,自学", 
46832,978-7-5600-8088-8,,英语学习(2007年4-6月合辑),978-7-5600-8088-8.jpg,13,2009-3-12,《英语学习》编辑部 编,本书是《英语学习》2007年4-6月的合辑。,"《英语学习》2007年4月号 <br>《英语学习》2007年5月号 <br>《英语学习》2007年6月号",,大16开,0,,1版1次,平,,"初中,大学,高中,自学", 
