"ORDERID","LOGINNAME","USERGROUP","FROMSITE","ORIGINALTOTALPRICE","ADJUSTTOTALPRICE","ORDERDATE","ORDERSTATUS","ORDERCOMMENT","SENTPRICE","SENTMETHOD","INVOICE_TITLE","DEPARTMENT","DESCRIPTION","DEALDATE","DEALSTATUS","REFERERURL","REFERERDOMAIN"
"TS76847261","lindasdjn","fltrp","www.ell.com.cn",12.00,12.00,2010-08-31 21:40:33,"1","",.00,"","","00010012","英语学习期刊、图书费",,"","",""
"TS28415366","lindasdjn","fltrp","www.ell.com.cn",12.00,12.00,2010-08-31 21:45:47,"1","",.00,"","","00010012","英语学习期刊、图书费",,"已发货","",""
"TS55128457","l418974601","fltrp","www.ell.com.cn",6.00,6.00,2010-08-31 16:24:14,"1","",.00,"","","00010012","英语学习期刊、图书费",,"","",""
"TS13084408","mabiao19821","fltrp","www.ell.com.cn",72.00,72.00,2010-09-01 13:30:39,"1","",.00,"","","00010012","英语学习期刊、图书费",,"","",""
"TS83724282","yvonne_l","fltrp","www.ell.com.cn",144.00,144.00,2010-08-10 14:14:31,"1","",.00,"","","00010012","英语学习期刊、图书费",,"已发货","",""
"TS57733386","donghongtao","fltrp","www.ell.com.cn",6.00,6.00,2010-08-31 12:21:31,"1","",.00,"","","00010012","英语学习期刊、图书费",,"已发货","",""
"TS62510271","yueyue007","fltrp","www.ell.com.cn",12.00,12.00,2010-08-31 18:05:09,"1","",.00,"","","00010012","英语学习期刊、图书费",,"","",""
"TS86062540","bomihuakai840328","fltrp","www.ell.com.cn",72.00,72.00,2010-09-02 21:04:34,"1","",.00,"","","00010012","英语学习期刊、图书费",,"已发货","http://www.baidu.com/s?wd=ell&tn=ylmf_4_pg&ch=4","www.baidu.com"
"TS68631810","OneTime","fltrp","www.ell.com.cn",6.00,6.00,2010-08-30 12:46:26,"1","",.00,"","","00010012","英语学习期刊、图书费",,"已发货","",""
"TS60133747","uptowngirl","fltrp","www.ell.com.cn",97.00,97.00,2010-08-19 09:30:36,"1","",.00,"","","00010012","英语学习期刊、图书费",,"","",""
"TS37500020","paulaxiu","fltrp","www.ell.com.cn",216.00,216.00,2010-08-07 10:49:31,"1","",.00,"","","00010012","英语学习期刊、图书费",,"已发货","",""
"TS31632561","delia20062006","fltrp","www.ell.com.cn",37.00,37.00,2010-08-11 13:50:32,"1","",.00,"","","00010012","英语学习期刊、图书费",,"","",""
"TS66022118","delia20062006","fltrp","www.ell.com.cn",37.00,37.00,2010-08-11 13:53:25,"1","",.00,"","","00010012","英语学习期刊、图书费",,"","",""
"TS75516540","wangyunling1982","fltrp","www.ell.com.cn",234.00,234.00,2010-08-20 15:05:54,"1","",.00,"","","00010012","英语学习期刊、图书费",,"","",""
"TS36861178","paulaxiu","fltrp","www.ell.com.cn",216.00,216.00,2010-08-07 09:29:07,"1","",.00,"","","00010012","英语学习期刊、图书费",,"","",""
"TS18781377","shamolvzhou","fltrp","www.ell.com.cn",134.00,134.00,2010-08-14 17:02:22,"1","",.00,"","","00010012","英语学习期刊、图书费",,"已发货","",""
"TS60252757","wangyunling1982","fltrp","www.ell.com.cn",72.00,72.00,2010-08-20 15:27:22,"1","",.00,"","","00010012","英语学习期刊、图书费",,"","",""
"TS53364167","wangyunling1982","fltrp","www.ell.com.cn",72.00,72.00,2010-08-20 15:27:42,"1","",.00,"","","00010012","英语学习期刊、图书费",,"","",""
"TS08466285","wangyunling1982","fltrp","www.ell.com.cn",72.00,72.00,2010-08-20 15:28:41,"1","",.00,"","","00010012","英语学习期刊、图书费",,"","",""
"TS61714036","person_521","fltrp","www.ell.com.cn",6.00,6.00,2010-08-23 22:46:49,"1","",.00,"","","00010012","英语学习期刊、图书费",,"已发货","",""
"TS05083101","qwb6371","fltrp","www.ell.com.cn",6.00,6.00,2010-08-23 21:04:56,"1","",.00,"","","00010012","英语学习期刊、图书费",,"已发货","",""
"TS45143348","yc178482998","fltrp","www.ell.com.cn",12.00,12.00,2010-08-24 20:35:01,"1","",.00,"","","00010012","英语学习期刊、图书费",,"已发货","",""
"TS54764077","shelleyorange","fltrp","www.ell.com.cn",12.00,12.00,2010-08-27 09:20:06,"1","",.00,"","","00010012","英语学习期刊、图书费",,"已发货","",""
"TS60770245","dannt13","fltrp","www.ell.com.cn",72.00,72.00,2010-08-28 22:07:20,"1","",.00,"","","00010012","英语学习期刊、图书费",,"","",""
"TS38310681","lianhaolan","fltrp","www.ell.com.cn",6.00,6.00,2010-08-28 19:39:50,"1","",.00,"","","00010012","英语学习期刊、图书费",,"已发货","",""
"TS44847574","YINGZILI","fltrp","www.ell.com.cn",36.00,36.00,2010-08-29 11:33:31,"1","",.00,"","","00010012","英语学习期刊、图书费",,"","",""
"TS34600870","wsdaemon","fltrp","www.ell.com.cn",37.00,37.00,2010-08-30 10:15:17,"1","",.00,"","","00010012","英语学习期刊、图书费",,"","",""
"TS68084606","yc178482998","fltrp","www.ell.com.cn",12.00,12.00,2010-08-31 10:24:02,"1","",.00,"","","00010012","英语学习期刊、图书费",,"","",""
"TS67147001","xinxin2468668","fltrp","www.ell.com.cn",6.00,6.00,2010-09-04 17:23:29,"1","",.00,"","","00010012","英语学习期刊、图书费",,"","http://www.sogou.com/sogou?pid=AQxRG&query=%D3%A2%D3%EF%D1%A7%CF%B0","www.sogou.com"
"TS35070854","shun8866","fltrp","www.ell.com.cn",6.00,6.00,2010-09-10 16:56:42,"1","",.00,"","","00010012","英语学习期刊、图书费",,"","http://www.baidu.com/s?wd=%D3%A2%D3%EF%D1%A7%CF%B0%D4%D3%D6%BE","www.baidu.com"
"TS58434825","fshnsh","fltrp","www.ell.com.cn",72.00,72.00,2010-09-07 09:30:49,"1","",.00,"","","00010012","英语学习期刊、图书费",,"","",""
"TS51360758","yeruby0927","fltrp","www.ell.com.cn",6.00,6.00,2010-09-09 17:17:14,"1","",.00,"","","00010012","英语学习期刊、图书费",,"已发货","",""
"TS78853376","shun8866","fltrp","www.ell.com.cn",6.00,6.00,2010-09-10 17:04:03,"1","",.00,"","","00010012","英语学习期刊、图书费",,"","http://www.baidu.com/s?wd=%D3%A2%D3%EF%D1%A7%CF%B0%D4%D3%D6%BE","www.baidu.com"
"TS82021336","shun8866","fltrp","www.ell.com.cn",6.00,6.00,2010-09-10 17:19:38,"1","",.00,"","","00010012","英语学习期刊、图书费",,"","http://www.baidu.com/s?wd=%D3%A2%D3%EF%D1%A7%CF%B0%D4%D3%D6%BE","www.baidu.com"
"TS63566613","aihendouyiqingcheng","fltrp","www.ell.com.cn",6.00,6.00,2010-09-16 16:24:35,"1","",.00,"","","00010012","英语学习期刊、图书费",,"已发货","http://www.baidu.com/s?wd=%D3%A2%D3%EF%D1%A7%CF%B0+%D4%D3%D6%BE","www.baidu.com"
"TS52466283","amyhuang","fltrp","www.ell.com.cn",24.00,24.00,2010-09-26 16:00:45,"1","",.00,"","","00010012","英语学习期刊、图书费",,"已发货","http://www.baidu.com/s?tn=myie2&ch=1&bs=%D3%A2%D3%EF%D1%A7%CF%B0&f=3&wd=%D3%A2%D3%EF%D1%A7%CF%B0%D4%D3%D6%BE%CD%F8%D5%BE&oq=%D3%A2%D3%EF%D1%A7%CF%B0%D4%D3%D6%BE&rsp=0&sugT=6172","www.baidu.com"
"TS26576842","dgjj45","fltrp","www.ell.com.cn",25.00,25.00,2010-09-16 20:53:54,"1","",.00,"","","00010012","英语学习期刊、图书费",,"","http://www.baidu.com/s?wd=%D3%A2%D3%EF%D1%A7%CF%B0%D4%D3%D6%BE%CD%F8%D5%BE&rsp=2&oq=%D3%A2%D3%EF%D1%A7%CF%B0%B5%E7%D7%D3%D4%D3%D6%BE&f=1&tn=maxthon2","www.baidu.com"
"TS45228740","jimbf","fltrp","www.ell.com.cn",25.00,25.00,2010-09-26 22:58:36,"1","",.00,"","","00010012","英语学习期刊、图书费",,"","",""
"TS77067783","xiaofeiye","fltrp","www.ell.com.cn",72.00,72.00,2010-09-28 11:43:29,"1","",.00,"","","00010012","英语学习期刊、图书费",,"已发货","",""
"TS74204116","ksyoo","fltrp","www.ell.com.cn",72.00,72.00,2010-09-28 15:59:25,"1","",.00,"","","00010012","英语学习期刊、图书费",,"","",""
"TS25237502","memory711","fltrp","www.ell.com.cn",75.00,75.00,2010-10-08 20:15:32,"1","",.00,"","","00010012","英语学习期刊、图书费",,"已发货","",""
"TS51033046","renfx","fltrp","www.ell.com.cn",18.00,18.00,2010-10-09 18:24:42,"1","",.00,"","","00010012","英语学习期刊、图书费",,"已发货","http://co106w.col106.mail.live.com/mail/InboxLight.aspx?n=618363003","co106w.col106.mail.live.com"
"TS43121154","superdick","fltrp","www.ell.com.cn",25.00,25.00,2010-10-10 23:23:15,"1","",.00,"","","00010012","英语学习期刊、图书费",,"","http://www.baidu.com/s?bs=%D3%A2%D3%EF%D1%A7%CF%B0&f=8&wd=%D3%A2%D3%EF%D1%A7%CF%B0%D4%D3%D6%BE","www.baidu.com"
"TS00861253","renfx","fltrp","www.ell.com.cn",6.00,6.00,2010-10-12 11:58:34,"1","",.00,"","","00010012","英语学习期刊、图书费",,"已发货","",""
"TS83546706","anniecjs","fltrp","www.ell.com.cn",72.00,72.00,2010-10-13 19:21:15,"1","",.00,"","","00010012","英语学习期刊、图书费",,"已发货","",""
"TS48852421","lwjlovesea","fltrp","www.ell.com.cn",25.00,25.00,2010-10-14 16:43:42,"1","",.00,"","","00010012","英语学习期刊、图书费",,"","http://www.baidu.com/s?bs=%D6%D0%B9%FA%D3%A2%CE%C4%D4%D3%D6%BE&f=8&wd=%D3%A2%CE%C4%D4%D3%D6%BE","www.baidu.com"
"TS42001532","zrd0517","fltrp","www.ell.com.cn",72.00,72.00,2010-10-14 09:19:00,"1","",.00,"","","00010012","英语学习期刊、图书费",,"已发货","",""
"TS80870548","wangxianzhi","fltrp","www.ell.com.cn",72.00,72.00,2010-10-14 12:19:27,"1","",.00,"","","00010012","英语学习期刊、图书费",,"已发货","",""
"TS65703414","akakari","fltrp","www.ell.com.cn",31.00,31.00,2010-10-18 16:19:06,"1","",.00,"","","00010012","英语学习期刊、图书费",,"已发货","http://www.baidu.com/s?wd=%D3%A2%D3%EF%D1%A7%CF%B0%D4%D3%D6%BE","www.baidu.com"
"TS22627723","jane0576","fltrp","www.ell.com.cn",72.00,72.00,2010-10-18 16:28:58,"1","",.00,"","","00010012","英语学习期刊、图书费",,"","http://www.baidu.com/s?bs=%D3%A2%D3%EF%D1%A7%CF%B0+%CD%F8%D5%BE&f=3&wd=%D3%A2%D3%EF%D1%A7%CF%B0+%D4%D3%D6%BE&oq=%D3%A2%D3%EF%D1%A7%CF%B0+&rsp=0&sugT=3520","www.baidu.com"
"TS86875351","xiaosheliuqian","fltrp","www.ell.com.cn",72.00,72.00,2010-10-19 19:30:28,"1","",.00,"","","00010012","英语学习期刊、图书费",,"","",""
"TS03516783","xiaosheliuqian","fltrp","www.ell.com.cn",6.00,6.00,2010-10-19 19:37:45,"1","",.00,"","","00010012","英语学习期刊、图书费",,"已发货","",""
"TS13203812","ygyw228","fltrp","www.ell.com.cn",25.00,25.00,2010-10-20 14:46:20,"1","",.00,"","","00010012","英语学习期刊、图书费",,"","",""
"TS85713510","cherryxa","fltrp","www.ell.com.cn",241.00,241.00,2010-10-21 09:54:42,"1","",.00,"","","00010012","英语学习期刊、图书费",,"已发货","",""
"TS46764836","Thmaos","fltrp","www.ell.com.cn",72.00,72.00,2010-10-21 18:02:22,"1","",.00,"","","00010012","英语学习期刊、图书费",,"","",""
"TS04208710","Thmaos","fltrp","www.ell.com.cn",72.00,72.00,2010-10-21 18:04:16,"1","",.00,"","","00010012","英语学习期刊、图书费",,"","",""
"TS51373083","holleywood","fltrp","www.ell.com.cn",12.00,12.00,2010-10-24 16:36:54,"1","",.00,"","","00010012","英语学习期刊、图书费",,"已发货","",""
"TS55722417","yunyun1217","fltrp","www.ell.com.cn",37.00,37.00,2010-11-10 19:22:10,"1","",.00,"","","00010012","英语学习期刊、图书费",,"已发货","",""
"TS82248751","Zhouenru","fltrp","www.ell.com.cn",72.00,72.00,2010-10-29 06:20:57,"1","",.00,"","","00010012","英语学习期刊、图书费",,"已发货","",""
"TS65056100","chenyuanmei","fltrp","www.ell.com.cn",25.00,25.00,2010-10-30 17:02:08,"1","",.00,"","","00010012","英语学习期刊、图书费",,"已发货","http://www.fltrp.com/scrp/bookdetail.cfm?iBookNo=49566&sYc=1-1","www.fltrp.com"
"TS53250820","childishben","fltrp","www.ell.com.cn",72.00,72.00,2010-10-31 14:21:07,"1","",.00,"","","00010012","英语学习期刊、图书费",,"已发货","http://www.baidu.com/s?bs=%D3%A2%D3%EF%D1%A7%CF%B0&f=8&wd=%D3%A2%D3%EF%D1%A7%CF%B0+%D4%D3%D6%BE","www.baidu.com"
"TS51304102","lynnyuanyuan","fltrp","www.ell.com.cn",72.00,72.00,2010-10-30 22:01:46,"1","",.00,"","","00010012","英语学习期刊、图书费",,"已发货","",""
"TS17273361","dengyuwen","fltrp","www.ell.com.cn",25.00,25.00,2010-11-03 00:47:30,"1","",.00,"","","00010012","英语学习期刊、图书费",,"","http://www.fltrp.com/scrp/bookdetail.cfm?iBookNo=7644&sYc=1-1","www.fltrp.com"
"TS87772623","lemonberry","fltrp","www.ell.com.cn",6.00,6.00,2010-11-09 14:24:56,"1","",.00,"","","00010012","英语学习期刊、图书费",,"","http://www.baidu.com/s?bs=%D3%A2%D3%EF%D1%A7%CF%B0%CD%F8%D5%BE&f=8&wd=%D3%A2%D3%EF%D1%A7%CF%B0%D4%D3%D6%BE","www.baidu.com"
"TS01441235","yujiayu","fltrp","www.ell.com.cn",25.00,25.00,2010-11-10 20:00:54,"1","",.00,"","","00010012","英语学习期刊、图书费",,"","http://www.baidu.com/s?bs=%D3%A2%D3%EF%D1%A7%CF%B0&f=8&wd=%D3%A2%D3%EF%D1%A7%CF%B0%D4%D3%D6%BE","www.baidu.com"
"TS76273023","xiehailong","fltrp","www.ell.com.cn",6.00,6.00,2010-09-10 07:52:13,"1","",.00,"","","00010012","英语学习期刊、图书费",,"","",""
"TS26530208","xiehailong","fltrp","www.ell.com.cn",6.00,6.00,2010-09-09 12:24:10,"1","",.00,"","","00010012","英语学习期刊、图书费",,"","",""
"TS55758343","yuehai007","fltrp","www.ell.com.cn",12.00,12.00,2010-09-10 13:38:30,"1","",.00,"","","00010012","英语学习期刊、图书费",,"已发货","http://www.baidu.com/s?wd=%D3%A2%D3%EF%D1%A7%CF%B0%20%D0%C2%C8%F1%BF%D5%BC%E4&pn=10&tn=sitehao123&f=1","www.baidu.com"
"TS48888455","ithaca","fltrp","www.ell.com.cn",37.00,37.00,2010-09-15 00:23:55,"1","",.00,"","","00010012","英语学习期刊、图书费",,"","http://www.google.com.hk/search?client=safari&rls=en&q=ell&ie=UTF-8&oe=UTF-8","www.google.com.hk"
"TS67734311","stdelover","fltrp","www.ell.com.cn",25.00,25.00,2010-09-24 18:25:48,"1","",.00,"","","00010012","英语学习期刊、图书费",,"","",""
"TS21272046","lys0730","fltrp","www.ell.com.cn",25.00,25.00,2010-09-26 22:31:16,"1","",.00,"","","00010012","英语学习期刊、图书费",,"已发货","http://www.baidu.com/s?tn=site888_pg&lm=-1&word=%D1%F4%B9%E2%D3%A2%D3%EF","www.baidu.com"
"TS27206277","anniejcs","fltrp","www.ell.com.cn",72.00,72.00,2010-09-30 17:01:42,"1","",.00,"","","00010012","英语学习期刊、图书费",,"","",""
"TS42334743","dumeiyan","fltrp","www.ell.com.cn",12.00,12.00,2010-10-01 18:00:42,"1","",.00,"","","00010012","英语学习期刊、图书费",,"","",""
"TS51780802","wang1990610","fltrp","www.ell.com.cn",6.00,6.00,2010-10-08 15:41:33,"1","",.00,"","","00010012","英语学习期刊、图书费",,"已发货","http://book.douban.com/subject/1826211/","book.douban.com"
"TS63476374","dingman09","fltrp","www.ell.com.cn",72.00,72.00,2010-10-01 21:48:06,"1","",.00,"","","00010012","英语学习期刊、图书费",,"已发货","",""
"TS57718033","duliqingcheng","fltrp","www.ell.com.cn",25.00,25.00,2010-10-03 10:44:14,"1","",.00,"","","00010012","英语学习期刊、图书费",,"已发货","http://www.baidu.com/s?bs=%D3%A2%D3%EF%D1%A7%CF%B0+%CD%F8%D5%BE&f=8&wd=%D3%A2%D3%EF%D1%A7%CF%B0%D4%D3%D6%BE+%CD%F8%D5%BE","www.baidu.com"
"TS04407305","Qiujingwei","fltrp","www.ell.com.cn",25.00,25.00,2010-10-15 21:39:02,"1","",.00,"","","00010012","英语学习期刊、图书费",,"","",""
"TS28375613","wgf5250111","fltrp","www.ell.com.cn",25.00,25.00,2010-10-10 20:26:55,"1","",.00,"","","00010012","英语学习期刊、图书费",,"已发货","http://www.baidu.com/s?wd=%D3%A2%D3%EF%D1%A7%CF%B0%D4%D3%D6%BE&word=%D3%A2%D3%EF%D1%A7%CF%B0%D4%D3%D6%BE&tn=sitehao123","www.baidu.com"
"TS46387800","Ada22","fltrp","www.ell.com.cn",25.00,25.00,2010-10-13 16:32:19,"1","",.00,"","","00010012","英语学习期刊、图书费",,"已发货","http://www.baidu.com/s?wd=%D3%A2%D3%EF%D1%A7%CF%B0%D4%D3%D6%BE","www.baidu.com"
"TS78441430","jesseswan","fltrp","www.ell.com.cn",36.00,36.00,2010-10-17 18:24:56,"1","",.00,"","","00010012","英语学习期刊、图书费",,"","",""
"TS85240181","kennyjin","fltrp","www.ell.com.cn",144.00,144.00,2010-10-24 17:06:25,"1","",.00,"","","00010012","英语学习期刊、图书费",,"已发货","",""
"TS80465764","zhweihrm","fltrp","www.ell.com.cn",25.00,25.00,2010-10-25 16:46:26,"1","",.00,"","","00010012","英语学习期刊、图书费",,"","http://www.baidu.com/s?wd=%D3%A2%D3%EF%D1%A7%CF%B0%D4%D3%D6%BE&rsp=2&oq=%D3%A2%D3%EF%D4%D3%D6%BE%CD%C6%BC%F6&f=1","www.baidu.com"
"TS20818344","xiaoqian","fltrp","www.ell.com.cn",97.00,97.00,2010-10-29 16:20:31,"1","",.00,"","","00010012","英语学习期刊、图书费",,"已发货","http://www.baidu.com/s?bs=%D3%A2%D3%EF%CE%C4%D5%AA&f=8&wd=%D3%A2%D3%EF%D1%A7%CF%B0%BA%CD%D1%F4%B9%E2%D3%A2%D3%EF%C4%C4%B8%F6%BA%C3","www.baidu.com"
"TS41117860","aymfz","fltrp","www.ell.com.cn",99.00,97.00,2010-10-27 23:56:07,"1","",.00,"","","00010012","英语学习期刊、图书费",,"已发货","http://www.baidu.com/s?bs=%D3%A2%D3%EF%D1%A7%CF%B0+%BA%EE%D2%E3%C1%E8&f=3&wd=%D3%A2%D3%EF%D1%A7%CF%B0%D4%D3%D6%BE%CD%F8%D5%BE&oq=%D3%A2%D3%EF%D1%A7%CF%B0%D4%D3%D6%BE&rsp=1&sugT=8129","www.baidu.com"
"TS87153515","lz76771343","fltrp","www.ell.com.cn",72.00,72.00,2010-10-31 19:12:49,"1","",.00,"","","00010012","英语学习期刊、图书费",,"已发货","",""
"TS61623326","hayixa","fltrp","www.ell.com.cn",24.00,24.00,2010-11-04 00:11:52,"1","",.00,"","","00010012","英语学习期刊、图书费",,"已发货","",""
"TS02003880","xjrsh","fltrp","www.ell.com.cn",72.00,72.00,2010-11-09 21:05:24,"1","",.00,"","","00010012","英语学习期刊、图书费",,"已发货","",""
"TS50734552","piggyfaye","fltrp","www.ell.com.cn",18.00,18.00,2010-11-04 14:48:25,"1","",.00,"","","00010012","英语学习期刊、图书费",,"已发货","",""
"TS68041284","yujiayu","fltrp","www.ell.com.cn",25.00,25.00,2010-11-10 20:01:28,"1","",.00,"","","00010012","英语学习期刊、图书费",,"","",""
"TS02456517","alanshow","fltrp","www.ell.com.cn",72.00,72.00,2010-11-10 20:10:14,"1","",.00,"","","00010012","英语学习期刊、图书费",,"已发货","",""
"TS34084601","idmaomao1","fltrp","www.ell.com.cn",25.00,25.00,2010-11-12 23:57:06,"1","",.00,"","","00010012","英语学习期刊、图书费",,"","",""
"TS54258276","idmaomao1","fltrp","www.ell.com.cn",25.00,25.00,2010-11-13 00:54:05,"1","",.00,"","","00010012","英语学习期刊、图书费",,"","",""
"TS82273351","jianbo0307","fltrp","www.ell.com.cn",25.00,25.00,2010-11-13 18:38:03,"1","",.00,"","","00010012","英语学习期刊、图书费",,"已发货","http://www.baidu.com/s?bs=%D3%A2%D3%EF%D1%A7%CF%B0&f=8&wd=%D3%A2%D3%EF%D1%A7%CF%B0%D4%D3%D6%BE","www.baidu.com"
"TS45787677","ellahuang21","fltrp","www.ell.com.cn",72.00,72.00,2010-11-14 23:00:01,"1","",.00,"","","00010012","英语学习期刊、图书费",,"已发货","",""
"TS78375370","keyjing","fltrp","www.ell.com.cn",72.00,72.00,2010-09-02 21:38:56,"1","",.00,"","","00010012","英语学习期刊、图书费",,"已发货","",""
"TS64435483","wendy84sling","fltrp","www.ell.com.cn",6.00,6.00,2010-09-04 23:18:38,"1","",.00,"","","00010012","英语学习期刊、图书费",,"","",""
"TS68456125","wendy84sling","fltrp","www.ell.com.cn",6.00,6.00,2010-09-04 23:20:25,"1","",.00,"","","00010012","英语学习期刊、图书费",,"","",""
"TS58453627","rainsola","fltrp","www.ell.com.cn",50.00,50.00,2010-09-13 19:39:47,"1","",.00,"","","00010012","英语学习期刊、图书费",,"已发货","http://www.baidu.com/s?wd=%D3%A2%D3%EF%D1%A7%CF%B0%D4%D3%D6%BE","www.baidu.com"
"TS87441782","niceada123","fltrp","www.ell.com.cn",25.00,25.00,2010-09-12 09:35:00,"1","",.00,"","","00010012","英语学习期刊、图书费",,"","",""
"TS00883572","littlestar281","fltrp","www.ell.com.cn",6.00,6.00,2010-09-07 15:23:34,"1","",.00,"","","00010012","英语学习期刊、图书费",,"","http://www.baidu.com/s?tn=sayh_2_dg&bs=%D3%A2%D3%EF%D1%A7%CF%B0&f=8&wd=%D3%A2%D3%EF%D1%A7%CF%B0%D4%D3%D6%BE","www.baidu.com"
"TS33645011","haiyue007","fltrp","www.ell.com.cn",12.00,12.00,2010-09-08 13:21:21,"1","",.00,"","","00010012","英语学习期刊、图书费",,"","http://www.google.com.hk/search?q=%D3%A2%D3%EF+%D0%C2%C8%F1&client=aff-360daohang&hl=zh-CN&ie=gb2312&newwindow=1","www.google.com.hk"
"TS36077644","amychen","fltrp","www.ell.com.cn",6.00,6.00,2010-09-09 09:37:11,"1","",.00,"","","00010012","英语学习期刊、图书费",,"已发货","",""
"TS16157077","zhanghy8201","fltrp","www.ell.com.cn",6.00,6.00,2010-09-21 09:03:30,"1","",.00,"","","00010012","英语学习期刊、图书费",,"","",""
"TS43135257","gong_sj","fltrp","www.ell.com.cn",6.00,6.00,2010-09-14 12:16:29,"1","",.00,"","","00010012","英语学习期刊、图书费",,"已发货","http://www.baidu.com/s?wd=%D3%A2%D3%EF%D1%A7%CF%B0+%D4%D3%D6%BE&oq=%D3%A2%D3%EF%D1%A7%CF%B0+%D4%D3&rsp=0&f=3&sugT=27642","www.baidu.com"
"TS78662656","michaelchen","fltrp","www.ell.com.cn",25.00,25.00,2010-09-25 15:18:35,"1","",.00,"","","00010012","英语学习期刊、图书费",,"","",""
"TS41383433","ly536401658","fltrp","www.ell.com.cn",12.00,12.00,2010-09-20 22:07:22,"1","",.00,"","","00010012","英语学习期刊、图书费",,"已发货","",""
"TS85854730","maomiaiwo","fltrp","www.ell.com.cn",122.00,122.00,2010-09-17 09:38:48,"1","",.00,"","","00010012","英语学习期刊、图书费",,"","http://www.soso.com/q?cin=Ju80adbb94mk1XxdqKc2fj4p2M83sj5q&sc=web&bs=%A1%B6%D3%A2%D3%EF%D6%DC%B1%A8%A1%B7&ch=w.uf&num=10&w=%A1%B6%D3%A2%D3%EF%D1%A7%CF%B0%A1%B7","www.soso.com"
"TS46767030","CDUPLO","fltrp","www.ell.com.cn",12.00,12.00,2010-10-01 22:19:07,"1","",.00,"","","00010012","英语学习期刊、图书费",,"已发货","",""
"TS04566136","yuanyinyan520","fltrp","www.ell.com.cn",288.00,288.00,2010-09-25 16:19:43,"1","",.00,"","","00010012","英语学习期刊、图书费",,"已发货","",""
"TS15781412","zhdjun","fltrp","www.ell.com.cn",54.00,54.00,2010-10-08 15:08:57,"1","",.00,"","","00010012","英语学习期刊、图书费",,"已发货","http://www.fltrp.com/newsdetail.cfm?icntno=175162&channel=2","www.fltrp.com"
"TS32203155","lindaxiang","fltrp","www.ell.com.cn",12.00,12.00,2010-10-06 13:42:19,"1","",.00,"","","00010012","英语学习期刊、图书费",,"已发货","",""
"TS77715326","xiaozhi2305","fltrp","www.ell.com.cn",6.00,6.00,2010-10-06 18:29:04,"1","",.00,"","","00010012","英语学习期刊、图书费",,"","http://www.baidu.com/s?wd=%D3%A2%D3%EF%D1%A7%CF%B0%D4%D3%D6%BE&rsp=4&oq=%D3%A2%D3%EF%D4%D3%D6%BE%B6%A9%D4%C4&f=1","www.baidu.com"
"TS67142450","Mushroom05","fltrp","www.ell.com.cn",12.00,12.00,2010-10-18 10:28:13,"1","",.00,"","","00010012","英语学习期刊、图书费",,"已发货","http://www.baidu.com/s?wd=%D3%A2%D3%EF%D1%A7%CF%B0%D4%D3%D6%BE","www.baidu.com"
"TS86380001","hnxiaoxiaoyi","fltrp","www.ell.com.cn",87.00,87.00,2010-10-14 23:43:56,"1","",.00,"","","00010012","英语学习期刊、图书费",,"已发货","http://www.baidu.com/s?wd=%D3%A2%D3%EF%D1%A7%CF%B0%D4%D3%D6%BE","www.baidu.com"
"TS13334023","BLUEBLUE25","fltrp","www.ell.com.cn",288.00,288.00,2010-10-13 21:21:39,"1","",.00,"","","00010012","英语学习期刊、图书费",,"","",""
"TS73076180","anonymous17","fltrp","www.ell.com.cn",6.00,6.00,2010-10-27 15:34:38,"1","",.00,"","","00010012","英语学习期刊、图书费",,"已发货","",""
"TS43581431","Qiujingwei","fltrp","www.ell.com.cn",25.00,25.00,2010-10-15 21:48:36,"1","",.00,"","","00010012","英语学习期刊、图书费",,"","",""
"TS76128650","xingzhiliu","fltrp","www.ell.com.cn",75.00,75.00,2010-10-26 13:29:03,"1","",.00,"","","00010012","英语学习期刊、图书费",,"已发货","http://www.baidu.com/s?bs=%D3%A2%D3%EF%D1%A7%CF%B0&f=3&wd=%D3%A2%D3%EF%D1%A7%CF%B0+%D4%D3%D6%BE&oq=%D3%A2%D3%EF%D1%A7%CF%B0+%CD%E2%B9%FA%D3%EF%D1%A7%D4%BA&rsp=0&sugT=12171","www.baidu.com"
"TS02784153","zhaozx99","fltrp","www.ell.com.cn",25.00,25.00,2010-10-25 15:21:55,"1","",.00,"","","00010012","英语学习期刊、图书费",,"","",""
"TS28345444","beijin09","fltrp","www.ell.com.cn",144.00,144.00,2010-10-28 22:25:55,"1","",.00,"","","00010012","英语学习期刊、图书费",,"","http://www.fltrp.com/scrp/bookdetail.cfm?iBookNo=7641&sYc=1-1","www.fltrp.com"
"TS23252086","likaisummer","fltrp","www.ell.com.cn",6.00,6.00,2010-11-04 13:57:00,"1","",.00,"","","00010012","英语学习期刊、图书费",,"","http://www.baidu.com/baidu?word=%A1%B6%D3%A2%D3%EF%D1%A7%CF%B0%A1%B7%D4%D3%D6%BE&se=360se_5_dg&ie=gb2312&vendor=360se_03","www.baidu.com"
"TS04777766","tinglove7181","fltrp","www.ell.com.cn",72.00,72.00,2010-11-05 15:30:17,"1","",.00,"","","00010012","英语学习期刊、图书费",,"","",""
"TS80026505","duqizhen","fltrp","www.ell.com.cn",18.00,18.00,2010-11-07 17:10:11,"1","",.00,"","","00010012","英语学习期刊、图书费",,"","",""
"TS11357638","mumuamumu","fltrp","www.ell.com.cn",25.00,25.00,2010-11-08 11:41:55,"1","",.00,"","","00010012","英语学习期刊、图书费",,"已发货","http://bbs.fltrp.com/viewthread.php?tid=54090","bbs.fltrp.com"
"TS07644084","shanluhxs","fltrp","www.ell.com.cn",25.00,25.00,2010-11-09 10:36:30,"1","",.00,"","","00010012","英语学习期刊、图书费",,"","http://www.baidu.com/s?cl=3&wd=%D3%A2%D3%EF%D1%A7%CF%B0%D4%D3%D6%BE&fr=ikw1000","www.baidu.com"
"TS24623323","pengwen16","fltrp","www.ell.com.cn",72.00,72.00,2010-11-13 22:19:54,"1","",.00,"","","00010012","英语学习期刊、图书费",,"","",""
"TS32412367","cyp2008","fltrp","www.ell.com.cn",6.00,6.00,2010-11-15 11:17:16,"1","",.00,"","","00010012","英语学习期刊、图书费",,"","http://www.baidu.com/s?bs=%D4%DA%C4%C4%C0%EF%B6%A8%C2%F2%D3%A2%D3%EF%D4%D3%D6%BE&f=8&wd=%D3%A2%D3%EF%D1%A7%CF%B0%D4%D3%D6%BE","www.baidu.com"
"TS28644030","zhhrozhh","fltrp","www.ell.com.cn",72.00,72.00,2010-11-14 22:05:54,"1","",.00,"","","00010012","英语学习期刊、图书费",,"","",""
"TS06115683","feitushen","fltrp","www.ell.com.cn",72.00,72.00,2010-11-15 21:10:56,"1","",.00,"","","00010012","英语学习期刊、图书费",,"已发货","http://www.baidu.com./s?wd=%D3%A2%D3%EF%D1%A7%CF%B0%BF%AF%CE%EF","www.baidu.com."
"TS36051075","emilyspring","fltrp","www.ell.com.cn",12.00,12.00,2010-11-16 15:11:08,"1","",.00,"","","00010012","英语学习期刊、图书费",,"已发货","http://www.baidu.com/s?tn=sogouie_dg&bs=%A1%B6%D0%C2%C8%F1%BF%D5%BC%E4%A1%B7&f=8&wd=%A1%B6%D0%C2%C8%F1%BF%D5%BC%E4%A1%B7%B6%A9%D4%C4","www.baidu.com"
"TS14162848","candycandy916","fltrp","www.ell.com.cn",144.00,144.00,2010-11-16 20:41:06,"1","",.00,"","","00010012","英语学习期刊、图书费",,"已发货","",""
"TS41313442","woaiyingyu2010","fltrp","www.ell.com.cn",12.00,12.00,2010-09-03 16:21:15,"1","",.00,"","","00010012","英语学习期刊、图书费",,"","http://www.baidu.com/s?tn=you2000_pg&bs=%D0%C2%C8%F1%D4%D3%D6%BE&f=8&wd=%D0%C2%C8%F1%D4%D3%D6%BE%D3%A2%D3%EF","www.baidu.com"
"TS43256714","shun8866","fltrp","www.ell.com.cn",6.00,6.00,2010-09-10 17:22:37,"1","",.00,"","","00010012","英语学习期刊、图书费",,"","http://www.baidu.com/s?wd=%D3%A2%D3%EF%D1%A7%CF%B0%D4%D3%D6%BE","www.baidu.com"
"TS25170888","gong_sj","fltrp","www.ell.com.cn",50.00,50.00,2010-09-14 12:10:50,"1","",.00,"","","00010012","英语学习期刊、图书费",,"已发货","http://www.baidu.com/s?wd=%D3%A2%D3%EF%D1%A7%CF%B0+%D4%D3%D6%BE&oq=%D3%A2%D3%EF%D1%A7%CF%B0+%D4%D3&rsp=0&f=3&sugT=27642","www.baidu.com"
"TS80010680","star411126","fltrp","www.ell.com.cn",72.00,72.00,2010-09-15 12:10:19,"1","",.00,"","","00010012","英语学习期刊、图书费",,"已发货","http://www.baidu.com/s?bs=%D3%A2%D3%EF%D1%A7%CF%B0&f=3&wd=%D3%A2%D3%EF%D1%A7%CF%B0+%D4%D3%D6%BE&oq=%D3%A2%D3%EF%D1%A7%CF%B0+&rsp=1&sugT=3265","www.baidu.com"
"TS76236872","ccj2369","fltrp","www.ell.com.cn",25.00,25.00,2010-09-17 22:52:11,"1","",.00,"","","00010012","英语学习期刊、图书费",,"","http://www.baidu.com/s?wd=ell&word=ell&tn=sitehao123","www.baidu.com"
"TS02746878","Denny","fltrp","www.ell.com.cn",25.00,25.00,2010-09-24 10:02:46,"1","",.00,"","","00010012","英语学习期刊、图书费",,"","http://www.baidu.com/s?tn=sitehao123&bs=%D3%A2%D3%EF%D1%A7%CF%B0+%CA%E9&f=8&wd=%A1%B6%D3%A2%D3%EF%D1%A7%CF%B0%A1%B7","www.baidu.com"
"TS11340532","anniejcs","fltrp","www.ell.com.cn",72.00,72.00,2010-09-30 16:55:00,"1","",.00,"","","00010012","英语学习期刊、图书费",,"","",""
"TS25585711","duliqingcheng","fltrp","www.ell.com.cn",72.00,72.00,2010-10-03 10:30:50,"1","",.00,"","","00010012","英语学习期刊、图书费",,"已发货","http://www.baidu.com/s?bs=%D3%A2%D3%EF%D1%A7%CF%B0+%CD%F8%D5%BE&f=8&wd=%D3%A2%D3%EF%D1%A7%CF%B0%D4%D3%D6%BE+%CD%F8%D5%BE","www.baidu.com"
"TS82536036","jobsuperman","fltrp","www.ell.com.cn",72.00,72.00,2010-10-03 16:28:10,"1","",.00,"","","00010012","英语学习期刊、图书费",,"已发货","",""
"TS61725401","wowotutu","fltrp","www.ell.com.cn",72.00,72.00,2010-10-08 15:13:04,"1","",.00,"","","00010012","英语学习期刊、图书费",,"","http://www.baidu.com/s?tn=sogouie_dg&bs=%D3%A2%D3%EF%D1%A7%CF%B0&f=3&wd=%D3%A2%D3%EF%D1%A7%CF%B0+%D4%D3%D6%BE&oq=%A1%B6%D3%A2%D3%EF%D1%A7%CF%B0%A1%B7&rsp=2&sugT=6672","www.baidu.com"
"TS31184807","dumeiyan","fltrp","www.ell.com.cn",12.00,12.00,2010-10-09 12:07:42,"1","",.00,"","","00010012","英语学习期刊、图书费",,"","",""
"TS35224258","chenguojun123","fltrp","www.ell.com.cn",144.00,144.00,2010-10-13 16:35:18,"1","",.00,"","","00010012","英语学习期刊、图书费",,"","",""
"TS62312876","butterslove","fltrp","www.ell.com.cn",72.00,72.00,2010-10-16 15:32:58,"1","",.00,"","","00010012","英语学习期刊、图书费",,"","",""
"TS84565880","anonymous17","fltrp","www.ell.com.cn",6.00,6.00,2010-10-17 19:52:11,"1","",.00,"","","00010012","英语学习期刊、图书费",,"已发货","",""
"TS15463354","hebechan","fltrp","www.ell.com.cn",72.00,72.00,2010-10-20 19:07:46,"1","",.00,"","","00010012","英语学习期刊、图书费",,"","http://www.baidu.com/s?wd=%D3%A2%D3%EF%D1%A7%CF%B0+%D4%D3%D6%BE&ch=&tn=site888_pg&bar=","www.baidu.com"
"TS67727405","timeforleo","fltrp","www.ell.com.cn",72.00,72.00,2010-10-24 16:32:02,"1","",.00,"","","00010012","英语学习期刊、图书费",,"已发货","",""
"TS22122620","phoebetp09","fltrp","www.ell.com.cn",12.00,12.00,2010-10-25 11:01:13,"1","",.00,"","","00010012","英语学习期刊、图书费",,"已发货","",""
"TS83350545","sylvia074","fltrp","www.ell.com.cn",72.00,72.00,2010-10-26 11:01:18,"1","",.00,"","","00010012","英语学习期刊、图书费",,"已发货","http://www.baidu.com/s?wd=ell%E8%8B%B1%E8%AF%AD%E6%9D%82%E5%BF%97&ie=UTF-8&oe=UTF-8&bar=13&tn=webxunlei_1_cb","www.baidu.com"
"TS01024542","wangyun842","fltrp","www.ell.com.cn",6.00,6.00,2010-10-27 11:07:54,"1","",.00,"","","00010012","英语学习期刊、图书费",,"已发货","",""
"TS52127347","baoxifeng","fltrp","www.ell.com.cn",6.00,6.00,2010-10-28 21:45:11,"1","",.00,"","","00010012","英语学习期刊、图书费",,"已发货","http://www.fltrp.com/scrp/product_more.cfm","www.fltrp.com"
"TS55802837","andrealiu","fltrp","www.ell.com.cn",25.00,25.00,2010-10-28 22:50:07,"1","",.00,"","","00010012","英语学习期刊、图书费",,"","http://www.baidu.com/s?tn=maxco4_5_dg&bs=%D3%A2%D3%EF%D1%A7%CF%B0&f=8&wd=%D3%A2%D3%EF%D1%A7%CF%B0+%D4%D3%D6%BE","www.baidu.com"
"TS44706802","msn_183","fltrp","www.ell.com.cn",72.00,72.00,2010-10-29 11:12:11,"1","",.00,"","","00010012","英语学习期刊、图书费",,"已发货","",""
"TS74031734","gardenbeauty","fltrp","www.ell.com.cn",50.00,50.00,2010-10-31 22:22:36,"1","",.00,"","","00010012","英语学习期刊、图书费",,"已发货","",""
"TS35142323","dengyuwen","fltrp","www.ell.com.cn",25.00,25.00,2010-11-03 00:53:05,"1","",.00,"","","00010012","英语学习期刊、图书费",,"","http://www.fltrp.com/scrp/bookdetail.cfm?iBookNo=7644&sYc=1-1","www.fltrp.com"
"TS45104626","shenjoshua","fltrp","www.ell.com.cn",24.00,24.00,2010-11-13 23:21:43,"1","",.00,"","","00010012","英语学习期刊、图书费",,"已发货","http://www.baidu.com/s?wd=%D3%A2%CE%C4%D4%D3%D6%BE&ch=1&tn=myie2&bar=","www.baidu.com"
"TS80263365","ruanweiwei","fltrp","www.ell.com.cn",37.00,37.00,2010-11-14 22:10:12,"1","",.00,"","","00010012","英语学习期刊、图书费",,"已发货","http://www.baidu.com/s?wd=%D3%A2%D3%EF%D1%A7%CF%B0+%D4%D3%D6%BE&oq=%D3%A2%D3%EF%D1%A7%CF%B0+&rsp=0&f=3&sugT=11375","www.baidu.com"
"TS74761582","oak619","fltrp","www.ell.com.cn",30.00,30.00,2010-11-17 18:12:36,"1","",.00,"","","00010012","英语学习期刊、图书费",,"已发货","http://www.baidu.com/s?bs=%D3%A2%D3%EF%D1%A7%CF%B0&f=3&wd=%D3%A2%D3%EF%D1%A7%CF%B0+%D4%D3%D6%BE&oq=%D3%A2%D3%EF%D1%A7%CF%B0%A1%B7&rsp=0&sugT=3121","www.baidu.com"
"TS75350785","jojosgl","fltrp","www.ell.com.cn",6.00,6.00,2010-11-17 16:44:51,"1","",.00,"","","00010012","英语学习期刊、图书费",,"","http://www.baidu.com/s?wd=%D3%A2%D3%EF%D1%A7%CF%B0+%D4%D3%D6%BE&oq=%A1%B6%D3%A2%D3%EF%D1%A7%CF%B0%A1%B7&rsp=0&f=3&sugT=11015","www.baidu.com"
"TS50481613","april_vudu","fltrp","www.ell.com.cn",43.00,43.00,2010-09-04 23:49:45,"1","",.00,"","","00010012","英语学习期刊、图书费",,"已发货","",""
"TS67280501","luhongming","fltrp","www.ell.com.cn",25.00,25.00,2010-09-05 23:08:01,"1","",.00,"","","00010012","英语学习期刊、图书费",,"已发货","",""
"TS15128124","phantom","fltrp","www.ell.com.cn",25.00,25.00,2010-09-06 10:53:31,"1","",.00,"","","00010012","英语学习期刊、图书费",,"已发货","http://www.baidu.com/s?bs=%D3%A2%D3%EF%D1%A7%CF%B0%CD%F8&tn=myie2dg&ch=1&f=8&wd=%D3%A2%D3%EF%D1%A7%CF%B0ELL","www.baidu.com"
"TS83684528","shun8866","fltrp","www.ell.com.cn",6.00,6.00,2010-09-06 14:22:04,"1","",.00,"","","00010012","英语学习期刊、图书费",,"","http://www.baidu.com/s?bs=%D3%A2%D3%EF%D1%A7%CF%B0&f=3&wd=%D3%A2%D3%EF%D1%A7%CF%B0+%D4%D3%D6%BE&oq=%3C%D3%A2%D3%EF%D1%A7%CF%B0%3E&rsp=1&sugT=7281","www.baidu.com"
"TS61733507","lvxuefeng2005","fltrp","www.ell.com.cn",72.00,72.00,2010-09-07 10:48:18,"1","",.00,"","","00010012","英语学习期刊、图书费",,"","http://www.fltrp.com/newsdetail.cfm?icntno=175162","www.fltrp.com"
"TS03015702","shinhwa7660","fltrp","www.ell.com.cn",25.00,25.00,2010-09-07 11:21:25,"1","",.00,"","","00010012","英语学习期刊、图书费",,"已发货","http://www.baidu.com/s?wd=%D3%A2%D3%EF%D1%A7%CF%B0+%D4%D3%D6%BE&oq=%A1%B6%D3%A2%D3%EF%D1%A7%CF%B0%A1%B7&rsp=1&f=3&sugT=16313","www.baidu.com"
"TS55416025","leilous7","fltrp","www.ell.com.cn",12.00,12.00,2010-09-07 12:07:12,"1","",.00,"","","00010012","英语学习期刊、图书费",,"已发货","",""
"TS04583152","gsx840630","fltrp","www.ell.com.cn",12.00,12.00,2010-09-09 19:02:54,"1","",.00,"","","00010012","英语学习期刊、图书费",,"已发货","",""
"TS32658338","star411126","fltrp","www.ell.com.cn",25.00,25.00,2010-09-15 12:11:06,"1","",.00,"","","00010012","英语学习期刊、图书费",,"已发货","http://www.baidu.com/s?bs=%D3%A2%D3%EF%D1%A7%CF%B0&f=3&wd=%D3%A2%D3%EF%D1%A7%CF%B0+%D4%D3%D6%BE&oq=%D3%A2%D3%EF%D1%A7%CF%B0+&rsp=1&sugT=3265","www.baidu.com"
"TS07233403","aaron26","fltrp","www.ell.com.cn",6.00,6.00,2010-09-16 21:40:30,"1","",.00,"","","00010012","英语学习期刊、图书费",,"已发货","",""
"TS45243751","gengkaiting","fltrp","www.ell.com.cn",12.00,12.00,2010-09-19 18:09:07,"1","",.00,"","","00010012","英语学习期刊、图书费",,"已发货","http://www.baidu.com/s?wd=www.ell.cn&word=www.ell.cn&tn=sitehao123&oq=www.ell&rsp=0&f=3","www.baidu.com"
"TS50478146","hbczcxy","fltrp","www.ell.com.cn",144.00,144.00,2010-09-20 22:44:43,"1","",.00,"","","00010012","英语学习期刊、图书费",,"已发货","http://www.baidu.com/s?wd=ell&word=ell&tn=sitehao123","www.baidu.com"
"TS14714153","Fayzhu123","fltrp","www.ell.com.cn",6.00,6.00,2010-09-24 13:43:37,"1","",.00,"","","00010012","英语学习期刊、图书费",,"已发货","http://www.baidu.com/s?bs=%D3%A2%D3%EF%D1%A7%CF%B0&f=8&wd=%D3%A2%D3%EF%D1%A7%CF%B0%D4%D3%D6%BE","www.baidu.com"
"TS13428288","yuanyinyan520","fltrp","www.ell.com.cn",288.00,288.00,2010-09-26 08:42:15,"1","",.00,"","","00010012","英语学习期刊、图书费",,"已发货","",""
"TS02237440","zhangmingell","fltrp","www.ell.com.cn",25.00,25.00,2010-09-26 20:18:52,"1","",.00,"","","00010012","英语学习期刊、图书费",,"已发货","",""
"TS85208687","Brinawj","fltrp","www.ell.com.cn",72.00,72.00,2010-10-08 21:00:54,"1","",.00,"","","00010012","英语学习期刊、图书费",,"已发货","",""
"TS48383086","lnataliel","fltrp","www.ell.com.cn",25.00,25.00,2010-09-28 11:40:45,"1","",.00,"","","00010012","英语学习期刊、图书费",,"已发货","",""
"TS42222857","zhangguomeng","fltrp","www.ell.com.cn",25.00,25.00,2010-10-02 21:13:17,"1","",.00,"","","00010012","英语学习期刊、图书费",,"","http://www.baidu.com/s?tn=ylmf&bs=ell.edu.cn%2F&f=3&wd=ell.com.cn&oq=ell.&rsp=0&sugT=5766","www.baidu.com"
"TS05741665","jane1997","fltrp","www.ell.com.cn",25.00,25.00,2010-10-16 15:03:31,"1","",.00,"","","00010012","英语学习期刊、图书费",,"已发货","",""
"TS35016753","heyasen7600","fltrp","www.ell.com.cn",25.00,25.00,2010-10-04 18:49:31,"1","",.00,"","","00010012","英语学习期刊、图书费",,"","",""
"TS67175281","donna","fltrp","www.ell.com.cn",72.00,72.00,2010-10-08 11:28:12,"1","",.00,"","","00010012","英语学习期刊、图书费",,"","http://www.baidu.com/s?bs=%D3%A2%D3%EF%D1%A7%CF%B0&f=8&wd=%D3%A2%D3%EF%D1%A7%CF%B0+%D4%D3%D6%BE","www.baidu.com"
"TS23322828","superdick","fltrp","www.ell.com.cn",12.00,12.00,2010-10-10 23:18:35,"1","",.00,"","","00010012","英语学习期刊、图书费",,"","http://www.baidu.com/s?bs=%D3%A2%D3%EF%D1%A7%CF%B0&f=8&wd=%D3%A2%D3%EF%D1%A7%CF%B0%D4%D3%D6%BE","www.baidu.com"
"TS18650846","superdick","fltrp","www.ell.com.cn",12.00,12.00,2010-10-10 23:25:08,"1","",.00,"","","00010012","英语学习期刊、图书费",,"","http://www.baidu.com/s?bs=%D3%A2%D3%EF%D1%A7%CF%B0&f=8&wd=%D3%A2%D3%EF%D1%A7%CF%B0%D4%D3%D6%BE","www.baidu.com"
"TS67626434","amaratinexu","fltrp","www.ell.com.cn",25.00,25.00,2010-10-11 10:21:22,"1","",.00,"","","00010012","英语学习期刊、图书费",,"","http://www.baidu.com/s?wd=ell&ch=1&tn=utf8kb_oem_dg&bar=","www.baidu.com"
"TS80453076","xtime","fltrp","www.ell.com.cn",288.00,288.00,2010-10-25 23:58:27,"1","",.00,"","","00010012","英语学习期刊、图书费",,"已发货","",""
"TS06703103","caihaiwen123","fltrp","www.ell.com.cn",6.00,6.00,2010-10-25 12:39:04,"1","",.00,"","","00010012","英语学习期刊、图书费",,"","http://www.fltrp.com/scrp/bookdetail.cfm?iBookNo=49566&sYc=1-1","www.fltrp.com"
"TS21405563","aymfz","fltrp","www.ell.com.cn",99.00,97.00,2010-10-27 23:58:23,"1","",.00,"","","00010012","英语学习期刊、图书费",,"","http://www.baidu.com/s?bs=%D3%A2%D3%EF%D1%A7%CF%B0+%BA%EE%D2%E3%C1%E8&f=3&wd=%D3%A2%D3%EF%D1%A7%CF%B0%D4%D3%D6%BE%CD%F8%D5%BE&oq=%D3%A2%D3%EF%D1%A7%CF%B0%D4%D3%D6%BE&rsp=1&sugT=8129","www.baidu.com"
"TS21200502","dfxchl","fltrp","www.ell.com.cn",72.00,72.00,2010-10-28 12:40:43,"1","",.00,"","","00010012","英语学习期刊、图书费",,"","",""
"TS53537266","shirley","fltrp","www.ell.com.cn",12.00,12.00,2010-11-03 10:23:43,"1","",.00,"","","00010012","英语学习期刊、图书费",,"已发货","",""
"TS63281702","gaojing650","fltrp","www.ell.com.cn",50.00,50.00,2010-11-07 13:30:49,"1","",.00,"","","00010012","英语学习期刊、图书费",,"已发货","http://bbs.fltrp.com/viewthread.php?tid=54090&extra=page%3D1","bbs.fltrp.com"
"TS03401473","green86926","fltrp","www.ell.com.cn",6.00,6.00,2010-11-11 20:59:47,"1","",.00,"","","00010012","英语学习期刊、图书费",,"已发货","",""
"TS47647633","zhangna1702","fltrp","www.ell.com.cn",144.00,144.00,2010-11-12 21:16:25,"1","",.00,"","","00010012","英语学习期刊、图书费",,"已发货","",""
"TS15343022","silencehunt","fltrp","www.ell.com.cn",25.00,25.00,2010-09-07 14:52:57,"1","",.00,"","","00010012","英语学习期刊、图书费",,"已发货","",""
"TS44721145","littlestar281","fltrp","www.ell.com.cn",6.00,6.00,2010-09-07 15:28:54,"1","",.00,"","","00010012","英语学习期刊、图书费",,"","http://www.baidu.com/s?tn=sayh_2_dg&bs=%D3%A2%D3%EF%D1%A7%CF%B0&f=8&wd=%D3%A2%D3%EF%D1%A7%CF%B0%D4%D3%D6%BE","www.baidu.com"
"TS55860774","shinhwa7660","fltrp","www.ell.com.cn",6.00,6.00,2010-09-09 09:30:52,"1","",.00,"","","00010012","英语学习期刊、图书费",,"已发货","",""
"TS82711732","yuanyuan8","fltrp","www.ell.com.cn",18.00,18.00,2010-09-13 15:56:26,"1","",.00,"","","00010012","英语学习期刊、图书费",,"已发货","",""
"TS17523085","wawqwz","fltrp","www.ell.com.cn",72.00,72.00,2010-09-11 12:28:26,"1","",.00,"","","00010012","英语学习期刊、图书费",,"已发货","",""
"TS25477835","MaryGeng","fltrp","www.ell.com.cn",216.00,216.00,2010-09-17 06:44:52,"1","",.00,"","","00010012","英语学习期刊、图书费",,"已发货","",""
"TS51306683","pipi1518","fltrp","www.ell.com.cn",25.00,25.00,2010-09-27 20:28:03,"1","",.00,"","","00010012","英语学习期刊、图书费",,"已发货","http://book.douban.com/subject/1826211/","book.douban.com"
"TS81786875","dingman09","fltrp","www.ell.com.cn",25.00,25.00,2010-10-01 22:44:53,"1","",.00,"","","00010012","英语学习期刊、图书费",,"已发货","",""
"TS70628444","zhangguomeng","fltrp","www.ell.com.cn",25.00,25.00,2010-10-02 21:20:23,"1","",.00,"","","00010012","英语学习期刊、图书费",,"","http://www.baidu.com/s?tn=ylmf&bs=ell.edu.cn%2F&f=3&wd=ell.com.cn&oq=ell.&rsp=0&sugT=5766","www.baidu.com"
"TS31227805","shirley","fltrp","www.ell.com.cn",144.00,144.00,2010-10-03 23:55:49,"1","",.00,"","","00010012","英语学习期刊、图书费",,"已发货","",""
"TS72540874","rohdex","fltrp","www.ell.com.cn",12.00,12.00,2010-10-05 11:05:23,"1","",.00,"","","00010012","英语学习期刊、图书费",,"已发货","",""
"TS45660722","a245100884","fltrp","www.ell.com.cn",78.00,78.00,2010-10-08 23:09:56,"1","",.00,"","","00010012","英语学习期刊、图书费",,"","",""
"TS63441127","xiedanjian","fltrp","www.ell.com.cn",72.00,72.00,2010-10-10 10:58:48,"1","",.00,"","","00010012","英语学习期刊、图书费",,"已发货","http://www.fltrp.com/scrp/bookdetail.cfm?iBookNo=7642&sYc=1-1","www.fltrp.com"
"TS03077236","mzhgh","fltrp","www.ell.com.cn",43.00,43.00,2010-10-12 15:46:24,"1","",.00,"","","00010012","英语学习期刊、图书费",,"已发货","",""
"TS54514525","crystal","fltrp","www.ell.com.cn",72.00,72.00,2010-10-16 08:58:05,"1","",.00,"","","00010012","英语学习期刊、图书费",,"","",""
"TS17367762","gigiblue","fltrp","www.ell.com.cn",25.00,25.00,2010-10-17 14:22:55,"1","",.00,"","","00010012","英语学习期刊、图书费",,"已发货","",""
"TS58730433","sheng123","fltrp","www.ell.com.cn",78.00,78.00,2010-10-17 19:39:41,"1","",.00,"","","00010012","英语学习期刊、图书费",,"已发货","",""
"TS53804277","drewlee","fltrp","www.ell.com.cn",288.00,288.00,2010-10-25 09:20:19,"1","",.00,"","","00010012","英语学习期刊、图书费",,"已发货","http://www.baidu.com/s?bs=%D3%A2%D3%EF%D1%A7%CF%B0&f=3&wd=%D3%A2%D3%EF%D1%A7%CF%B0+%D4%D3%D6%BE&oq=%D3%A2%D3%EF%D1%A7%CF%B0+&rsp=0&sugT=3657","www.baidu.com"
"TS77421833","fionawang726","fltrp","www.ell.com.cn",25.00,25.00,2010-10-27 11:25:16,"1","",.00,"","","00010012","英语学习期刊、图书费",,"已发货","http://www.baidu.com/s?wd=%D3%A2%D3%EF%D1%A7%CF%B0%D4%D3%D6%BE&rsp=1&oq=%D3%A2%D3%EF%D4%D3%D6%BE%CD%C6%BC%F6&f=1&tn=sitehao123","www.baidu.com"
"TS22474156","amykuku","fltrp","www.ell.com.cn",72.00,72.00,2010-10-30 13:27:25,"1","",.00,"","","00010012","英语学习期刊、图书费",,"","http://www.baidu.com/s?wd=%D3%A2%D3%EF%D1%A7%CF%B0%D4%D3%D6%BE&rsp=0&oq=%D3%A2%D3%EF%D4%D3%D6%BE&f=1","www.baidu.com"
"TS53218027","leafin97","fltrp","www.ell.com.cn",117.00,115.00,2010-11-04 14:38:22,"1","",.00,"","","00010012","英语学习期刊、图书费",,"已发货","http://zhidao.baidu.com/question/5860747.html","zhidao.baidu.com"
"TS27235805","mzhgh","fltrp","www.ell.com.cn",12.00,12.00,2010-11-07 19:31:38,"1","",.00,"","","00010012","英语学习期刊、图书费",,"已发货","http://www.baidu.com/s?wd=%D3%A2%D3%EF%D1%A7%CF%B0&pn=20&f=3&usm=2","www.baidu.com"
"TS00514784","iceman3","fltrp","www.ell.com.cn",72.00,72.00,2010-11-12 13:48:49,"1","",.00,"","","00010012","英语学习期刊、图书费",,"","",""
"TS30216540","wode0210","fltrp","www.ell.com.cn",6.00,6.00,2010-11-12 17:11:35,"1","",.00,"","","00010012","英语学习期刊、图书费",,"已发货","http://www.baidu.com/s?wd=%D3%A2%D3%EF%D1%A7%CF%B0+%D4%D3%D6%BE&ch=&tn=yyd6188&bar=&oq=%A1%B6%D3%A2%D3%EF%D1%A7%CF%B0%A1%B7&rsp=0&f=3&sugT=4290","www.baidu.com"
"TS24031620","Antonia","fltrp","www.ell.com.cn",12.00,12.00,2010-11-13 14:48:26,"1","",.00,"","","00010012","英语学习期刊、图书费",,"已发货","",""
"TS77364235","pengwen16","fltrp","www.ell.com.cn",72.00,72.00,2010-11-13 22:29:20,"1","",.00,"","","00010012","英语学习期刊、图书费",,"","",""
"TS75362573","kyon22","fltrp","www.ell.com.cn",72.00,72.00,2010-11-14 18:18:40,"1","",.00,"","","00010012","英语学习期刊、图书费",,"已发货","",""
"TS31113545","jungwoo","fltrp","www.ell.com.cn",72.00,72.00,2010-11-14 19:33:27,"1","",.00,"","","00010012","英语学习期刊、图书费",,"","",""
"TS64088303","stoneguoliang","fltrp","www.ell.com.cn",144.00,144.00,2010-11-15 12:22:37,"1","",.00,"","","00010012","英语学习期刊、图书费",,"","http://www.fltrp.com/scrp/product_more.cfm?qtype=4&sCid=QKXRQN&sModule=《新锐空间》全年订阅","www.fltrp.com"
"TS76310360","conniezyywl","fltrp","www.ell.com.cn",72.00,72.00,2010-11-16 16:05:47,"1","",.00,"","","00010012","英语学习期刊、图书费",,"","",""
"TS14645777","zhenghao23","fltrp","www.ell.com.cn",300.00,300.00,2010-11-16 19:28:13,"1","",.00,"","","00010012","英语学习期刊、图书费",,"","",""
"TS46583088","lp2655","fltrp","www.ell.com.cn",96.00,96.00,2010-11-17 09:33:59,"1","",.00,"","","00010012","英语学习期刊、图书费",,"已发货","",""
"TS25121827","xinxin2468668","fltrp","www.ell.com.cn",25.00,25.00,2010-09-04 17:13:37,"1","",.00,"","","00010012","英语学习期刊、图书费",,"","http://www.sogou.com/sogou?pid=AQxRG&query=%D3%A2%D3%EF%D1%A7%CF%B0","www.sogou.com"
"TS24126467","xiehailong","fltrp","www.ell.com.cn",6.00,6.00,2010-09-10 21:51:50,"1","",.00,"","","00010012","英语学习期刊、图书费",,"","",""
"TS48078750","phoebe_one","fltrp","www.ell.com.cn",72.00,72.00,2010-09-14 23:32:34,"1","",.00,"","","00010012","英语学习期刊、图书费",,"已发货","http://www.baidu.com/s?tn=site888_pg&bs=%D3%A2%D3%EF%D1%A7%CF%B0%B7%BD%B7%A8&f=3&wd=%D3%A2%D3%EF%D1%A7%CF%B0+%D4%D3%D6%BE&oq=%D3%A2%D3%EF%D1%A7%CF%B0%A1%B7&rsp=1&sugT=20610","www.baidu.com"
"TS51372802","lnataliel","fltrp","www.ell.com.cn",25.00,25.00,2010-09-20 12:33:54,"1","",.00,"","","00010012","英语学习期刊、图书费",,"已发货","",""
"TS64887112","Bella.X","fltrp","www.ell.com.cn",25.00,25.00,2010-09-20 11:03:42,"1","",.00,"","","00010012","英语学习期刊、图书费",,"已发货","",""
"TS71157206","cathybai","fltrp","www.ell.com.cn",72.00,72.00,2010-09-28 08:09:23,"1","",.00,"","","00010012","英语学习期刊、图书费",,"已发货","http://www.fltrp.com/newsdetail.cfm?icntno=175162&channel=2","www.fltrp.com"
"TS45367111","enzhenzh","fltrp","www.ell.com.cn",31.00,31.00,2010-09-30 21:16:56,"1","",.00,"","","00010012","英语学习期刊、图书费",,"已发货","http://www.baidu.com/s?tn=enjoyie_pg&ch=1&wd=ell","www.baidu.com"
"TS20766768","zhangguomeng","fltrp","www.ell.com.cn",25.00,25.00,2010-10-02 21:15:47,"1","",.00,"","","00010012","英语学习期刊、图书费",,"","http://www.baidu.com/s?tn=ylmf&bs=ell.edu.cn%2F&f=3&wd=ell.com.cn&oq=ell.&rsp=0&sugT=5766","www.baidu.com"
"TS62044303","Dongluyi","fltrp","www.ell.com.cn",72.00,72.00,2010-10-05 22:14:36,"1","",.00,"","","00010012","英语学习期刊、图书费",,"已发货","http://www.baidu.com/s?tn=site888_pg&bs=%D3%A2%D3%EF%D1%A7%CF%B0%D4%D3%D6%BE&f=8&wd=%D3%A2%D3%EF%D1%A7%CF%B0%D4%D3%D6%BE","www.baidu.com"
"TS70617722","buyatnet","fltrp","www.ell.com.cn",72.00,72.00,2010-10-15 17:47:58,"1","",.00,"","","00010012","英语学习期刊、图书费",,"已发货","",""
"TS10262055","jingjie","fltrp","www.ell.com.cn",72.00,72.00,2010-10-07 00:04:54,"1","",.00,"","","00010012","英语学习期刊、图书费",,"","",""
"TS70432570","tojhe","fltrp","www.ell.com.cn",122.00,122.00,2010-10-07 17:53:10,"1","",.00,"","","00010012","英语学习期刊、图书费",,"已发货","",""
"TS07743841","joyce","fltrp","www.ell.com.cn",72.00,72.00,2010-10-08 20:58:54,"1","",.00,"","","00010012","英语学习期刊、图书费",,"","",""
"TS80816851","amy0604","fltrp","www.ell.com.cn",6.00,6.00,2010-10-15 17:36:41,"1","",.00,"","","00010012","英语学习期刊、图书费",,"已发货","",""
"TS14755422","lsjprc","fltrp","www.ell.com.cn",75.00,75.00,2010-10-18 13:37:34,"1","",.00,"","","00010012","英语学习期刊、图书费",,"","http://www.baidu.com/s?wd=ell&ch=&tn=3man_pg&bar=","www.baidu.com"
"TS08416445","superdick","fltrp","www.ell.com.cn",25.00,25.00,2010-10-10 23:27:29,"1","",.00,"","","00010012","英语学习期刊、图书费",,"","http://www.baidu.com/s?bs=%D3%A2%D3%EF%D1%A7%CF%B0&f=8&wd=%D3%A2%D3%EF%D1%A7%CF%B0%D4%D3%D6%BE","www.baidu.com"
"TS25612148","septemberlin4","fltrp","www.ell.com.cn",6.00,6.00,2010-10-18 16:15:25,"1","",.00,"","","00010012","英语学习期刊、图书费",,"","http://www.baidu.com/s?bs=%D3%A2%D3%EF%D1%A7%CF%B0%D4%D3%D6%BE+%B6%A9%D4%C4&f=3&wd=%D3%A2%D3%EF%D1%A7%CF%B0%D4%D3%D6%BE%CD%F8%D5%BE&oq=%D3%A2%D3%EF%D1%A7%CF%B0%D4%D3%D6%BE&rsp=0&sugT=2422","www.baidu.com"
"TS17233871","neverdrop2000","fltrp","www.ell.com.cn",72.00,72.00,2010-10-20 12:20:32,"1","",.00,"","","00010012","英语学习期刊、图书费",,"已发货","",""
"TS67504556","jinn_x","fltrp","www.ell.com.cn",72.00,72.00,2010-10-26 09:25:20,"1","",.00,"","","00010012","英语学习期刊、图书费",,"已发货","http://www.baidu.com/s?wd=%D3%A2%D3%EF%D1%A7%CF%B0%D4%D3%D6%BE%CD%F8%D5%BE&word=%D3%A2%D3%EF%D1%A7%CF%B0%D4%D3%D6%BE%CD%F8%D5%BE&tn=sitehao123&oq=yingyuxuexizaz&rsp=2&f=3","www.baidu.com"
"TS72375842","yunyun1217","fltrp","www.ell.com.cn",6.00,6.00,2010-10-26 10:52:46,"1","",.00,"","","00010012","英语学习期刊、图书费",,"已发货","http://zhidao.baidu.com/question/108746425","zhidao.baidu.com"
"TS67310018","David2010","fltrp","www.ell.com.cn",72.00,72.00,2010-10-27 19:41:41,"1","",.00,"","","00010012","英语学习期刊、图书费",,"已发货","",""
"TS33068207","jiansy111","fltrp","www.ell.com.cn",25.00,25.00,2010-10-30 22:20:27,"1","",.00,"","","00010012","英语学习期刊、图书费",,"","http://www.baidu.com/s?bs=%D3%A2%CE%C4%B1%A8%D6%BD%D3%D0%C4%C4%D0%A9&f=8&wd=%D3%A2%CE%C4%D4%D3%D6%BE","www.baidu.com"
"TS52813483","jiansy111","fltrp","www.ell.com.cn",25.00,25.00,2010-10-30 22:27:32,"1","",.00,"","","00010012","英语学习期刊、图书费",,"","http://www.baidu.com/s?bs=%D3%A2%CE%C4%B1%A8%D6%BD%D3%D0%C4%C4%D0%A9&f=8&wd=%D3%A2%CE%C4%D4%D3%D6%BE","www.baidu.com"
"TS75677562","jiansy111","fltrp","www.ell.com.cn",25.00,25.00,2010-10-30 22:34:00,"1","",.00,"","","00010012","英语学习期刊、图书费",,"","http://www.baidu.com/s?bs=%D3%A2%CE%C4%B1%A8%D6%BD%D3%D0%C4%C4%D0%A9&f=8&wd=%D3%A2%CE%C4%D4%D3%D6%BE","www.baidu.com"
"TS20147873","suyunhua123","fltrp","www.ell.com.cn",72.00,72.00,2010-10-31 18:24:23,"1","",.00,"","","00010012","英语学习期刊、图书费",,"","http://www.baidu.com/s?fr=bk&cl=3&wd=%A1%B6%D3%A2%D3%EF%D1%A7%CF%B0%A1%B7&t=5","www.baidu.com"
"TS84708326","suyunhua123","fltrp","www.ell.com.cn",72.00,72.00,2010-10-31 18:24:47,"1","",.00,"","","00010012","英语学习期刊、图书费",,"","http://www.baidu.com/s?fr=bk&cl=3&wd=%A1%B6%D3%A2%D3%EF%D1%A7%CF%B0%A1%B7&t=5","www.baidu.com"
"TS70670465","WenminZhou","fltrp","www.ell.com.cn",25.00,25.00,2010-11-02 16:09:04,"1","",.00,"","","00010012","英语学习期刊、图书费",,"已发货","",""
"TS31275512","liutao","fltrp","www.ell.com.cn",6.00,6.00,2010-11-04 11:37:11,"1","",.00,"","","00010012","英语学习期刊、图书费",,"","",""
"TS54018653","ellenyuan","fltrp","www.ell.com.cn",84.00,84.00,2010-11-06 10:12:02,"1","",.00,"","","00010012","英语学习期刊、图书费",,"已发货","http://www.baidu.com/s?wd=%A1%B6%D3%A2%D3%EF%D1%A7%CF%B0%A1%B7&oq=%A1%B6%D3%A2%D3%EF%D1%A7%CF%B0%A1%B7&sug=%D3%A2%D3%EF%D1%A7%CF%B0+%C2%DB%CC%B3&n=1&rsp=6","www.baidu.com"
"TS07244603","likaisummer","fltrp","www.ell.com.cn",25.00,25.00,2010-11-09 11:06:33,"1","",.00,"","","00010012","英语学习期刊、图书费",,"","",""
"TS78503271","jiandanziyou","fltrp","www.ell.com.cn",25.00,25.00,2010-11-09 22:04:28,"1","",.00,"","","00010012","英语学习期刊、图书费",,"","",""
"TS43006362","kingroger","fltrp","www.ell.com.cn",72.00,72.00,2010-11-18 09:50:14,"1","",.00,"","","00010012","英语学习期刊、图书费",,"已发货","",""
"TS33778355","wjjyj482","fltrp","www.ell.com.cn",18.00,18.00,2010-11-18 13:30:47,"1","",.00,"","","00010012","英语学习期刊、图书费",,"","",""
"TS72578887","zhangshijia2000","fltrp","www.ell.com.cn",72.00,72.00,2010-11-22 11:53:20,"1","",.00,"","","00010012","英语学习期刊、图书费",,"已发货","",""
"TS51310470","poullee79","fltrp","www.ell.com.cn",25.00,25.00,2010-11-26 10:15:16,"1","",.00,"","","00010012","英语学习期刊、图书费",,"","http://www.baidu.com/s?wd=%D3%A2%D3%EF%D1%A7%CF%B0%D4%D3%D6%BE&word=%D3%A2%D3%EF%D1%A7%CF%B0%D4%D3%D6%BE&tn=sitehao123","www.baidu.com"
"TS85027343","mutouxiong123","fltrp","www.ell.com.cn",72.00,72.00,2010-11-26 23:35:59,"1","",.00,"","","00010012","英语学习期刊、图书费",,"","",""
"TS44173572","shirley","fltrp","www.ell.com.cn",12.00,12.00,2010-12-06 20:42:34,"1","",.00,"","","00010012","英语学习期刊、图书费",,"已发货","",""
"TS35554426","thurden","fltrp","www.ell.com.cn",1008.00,1008.00,2010-12-08 11:59:41,"1","",.00,"","","00010012","英语学习期刊、图书费",,"","http://www.baidu.com/s?bs=%D3%A2%D3%EF%D1%A7%CF%B0&f=8&wd=%D3%A2%D3%EF%D1%A7%CF%B0%D4%D3%D6%BE","www.baidu.com"
"TS41783236","jonier","fltrp","www.ell.com.cn",72.00,72.00,2010-12-12 16:11:17,"1","",.00,"","","00010012","英语学习期刊、图书费",,"已发货","http://www.baidu.com/s?bs=%D6%D0%B9%FA%B9%A4%C9%CC%D2%F8%D0%D0&f=8&wd=%D1%F4%B9%E2%D3%A2%D3%EF","www.baidu.com"
"TS46662364","jzcy96","fltrp","www.ell.com.cn",72.00,72.00,2010-12-14 13:25:16,"1","",.00,"","","00010012","英语学习期刊、图书费",,"","http://www.baidu.com/s?tn=site5566&word=%D3%A2%D3%EF%D1%A7%CF%B0+%D1%F4%B9%E2","www.baidu.com"
"TS22762624","caiko","fltrp","www.ell.com.cn",288.00,288.00,2010-12-12 18:51:19,"1","",.00,"","","00010012","英语学习期刊、图书费",,"已发货","",""
"TS26381122","jzcy96","fltrp","www.ell.com.cn",72.00,72.00,2010-12-14 13:31:16,"1","",.00,"","","00010012","英语学习期刊、图书费",,"已发货","http://www.baidu.com/s?tn=site5566&word=%D3%A2%D3%EF%D1%A7%CF%B0+%D1%F4%B9%E2","www.baidu.com"
"TS80186874","Ell1958","fltrp","www.ell.com.cn",78.00,78.00,2010-12-17 22:41:13,"1","",.00,"","","00010012","英语学习期刊、图书费",,"","",""
"TS81684213","milk.hh","fltrp","www.ell.com.cn",144.00,144.00,2010-12-15 11:38:32,"1","",.00,"","","00010012","英语学习期刊、图书费",,"已发货","",""
"TS31021384","jasmine24","fltrp","www.ell.com.cn",108.00,108.00,2010-12-16 10:12:03,"1","",.00,"","","00010012","英语学习期刊、图书费",,"已发货","http://www.baidu.com/s?wd=%D3%A2%D3%EF%D1%A7%CF%B0&pn=20&tn=site888_pg&usm=1","www.baidu.com"
"TS80124231","shirleypang","fltrp","www.ell.com.cn",72.00,72.00,2010-12-15 19:49:08,"1","",.00,"","","00010012","英语学习期刊、图书费",,"已发货","http://www.baidu.com/s?tn=baidusite&word=%D3%A2%D3%EF%D4%D3%D6%BE","www.baidu.com"
"TS48137020","verawinter","fltrp","www.ell.com.cn",25.00,25.00,2010-12-18 12:13:38,"1","",.00,"","","00010012","英语学习期刊、图书费",,"已发货","",""
"TS31086784","yuer666","fltrp","www.ell.com.cn",72.00,72.00,2010-12-19 12:31:14,"1","",.00,"","","00010012","英语学习期刊、图书费",,"已发货","http://www.baidu.com/s?bs=%D3%A2%D3%EF%D1%A7%CF%B0&f=8&wd=%D3%A2%D3%EF%D1%A7%CF%B0+%D4%D3%D6%BE","www.baidu.com"
"TS52501316","slm521919","fltrp","www.ell.com.cn",72.00,72.00,2010-12-21 21:01:12,"1","",.00,"","","00010012","英语学习期刊、图书费",,"","",""
"TS37213008","cj38168941","fltrp","www.ell.com.cn",25.00,25.00,2010-12-26 12:04:52,"1","",.00,"","","00010012","英语学习期刊、图书费",,"","",""
"TS66410321","allthesamecolor","fltrp","www.ell.com.cn",72.00,72.00,2010-12-29 15:26:24,"1","",.00,"","","00010012","英语学习期刊、图书费",,"已发货","",""
"TS18558252","wmhdream","fltrp","www.ell.com.cn",25.00,25.00,2011-01-07 20:06:17,"1","",.00,"","","00010012","英语学习期刊、图书费",,"","",""
"TS07420654","shitouhua001","fltrp","www.ell.com.cn",72.00,72.00,2011-01-10 11:33:42,"1","",.00,"","","00010012","英语学习期刊、图书费",,"已发货","",""
"TS51182050","c5net","fltrp","www.ell.com.cn",72.00,72.00,2011-01-11 15:48:39,"1","",.00,"","","00010012","英语学习期刊、图书费",,"","",""
"TS47231145","tao116","fltrp","www.ell.com.cn",6.00,6.00,2011-01-19 22:57:23,"1","",.00,"","","00010012","英语学习期刊、图书费",,"","http://www.baidu.com/baidu?word=%E8%8B%B1%E8%AF%AD%E5%AD%A6%E4%B9%A0%E6%9D%82%E5%BF%97&tn=ylmf_2_dg&ie=utf-8","www.baidu.com"
"TS64826824","jackcarter","fltrp","www.ell.com.cn",72.00,72.00,2011-01-25 11:32:48,"1","",.00,"","","00010012","英语学习期刊、图书费",,"","",""
"TS74304264","fm19890929","fltrp","www.ell.com.cn",72.00,72.00,2010-11-23 12:51:24,"1","",.00,"","","00010012","英语学习期刊、图书费",,"已发货","",""
"TS27276605","minmin123","fltrp","www.ell.com.cn",72.00,72.00,2010-11-27 12:32:11,"1","",.00,"","","00010012","英语学习期刊、图书费",,"已发货","",""
"TS32047675","q361207086","fltrp","www.ell.com.cn",25.00,25.00,2010-11-30 10:02:10,"1","",.00,"","","00010012","英语学习期刊、图书费",,"","http://www.baidu.com/s?bs=%D3%A2%D3%EF%D1%A7%CF%B0&f=8&wd=%D3%A2%D3%EF%D1%A7%CF%B0+%D4%D3%D6%BE","www.baidu.com"
"TS82058130","yangmao","fltrp","www.ell.com.cn",72.00,72.00,2010-12-02 07:21:49,"1","",.00,"","","00010012","英语学习期刊、图书费",,"","http://www.fltrp.com/newsdetail.cfm?icntno=109143","www.fltrp.com"
"TS54354651","QQ289268266","fltrp","www.ell.com.cn",216.00,216.00,2010-12-01 17:44:58,"1","",.00,"","","00010012","英语学习期刊、图书费",,"","",""
"TS72804645","xulianghong","fltrp","www.ell.com.cn",25.00,25.00,2010-12-05 20:04:05,"1","",.00,"","","00010012","英语学习期刊、图书费",,"","",""
"TS05026284","ruth4287","fltrp","www.ell.com.cn",25.00,25.00,2010-12-07 12:24:07,"1","",.00,"","","00010012","英语学习期刊、图书费",,"","http://www.baidu.com/s?bs=%B9%A4%D7%F7%B1%A8%B8%E6%D3%A2%D3%EF&f=8&wd=%A1%B6%D3%A2%D3%EF%D1%A7%CF%B0%A1%B7","www.baidu.com"
"TS75143284","yiqian","fltrp","www.ell.com.cn",72.00,72.00,2010-12-07 16:43:49,"1","",.00,"","","00010012","英语学习期刊、图书费",,"已发货","",""
"TS77100203","yang1064721919","fltrp","www.ell.com.cn",72.00,72.00,2010-12-11 19:29:49,"1","",.00,"","","00010012","英语学习期刊、图书费",,"","http://www.baidu.com/s?wd=%D3%A2%D3%EF%D1%A7%CF%B0%D4%D3%D6%BE%CD%F8%D5%BE&rsp=2&oq=%D3%A2%D3%EF%D1%A7%CF%B0%D4%D3%D6%BE%B6%A9%D4%C4&f=1","www.baidu.com"
"TS56052443","heidide","fltrp","www.ell.com.cn",72.00,72.00,2010-12-12 08:45:54,"1","",.00,"","","00010012","英语学习期刊、图书费",,"","",""
"TS82004171","miaododo","fltrp","www.ell.com.cn",144.00,144.00,2010-12-12 10:42:30,"1","",.00,"","","00010012","英语学习期刊、图书费",,"","",""
"TS51765654","tracyhao","fltrp","www.ell.com.cn",216.00,216.00,2010-12-15 10:07:26,"1","",.00,"","","00010012","英语学习期刊、图书费",,"已发货","",""
"TS84340138","xurumeng","fltrp","www.ell.com.cn",72.00,72.00,2010-12-20 08:37:38,"1","",.00,"","","00010012","英语学习期刊、图书费",,"","http://www.fltrp.com/","www.fltrp.com"
"TS30448031","chineselinping","fltrp","www.ell.com.cn",72.00,72.00,2010-12-23 20:22:30,"1","",.00,"","","00010012","英语学习期刊、图书费",,"已发货","",""
"TS08023788","evelyn","fltrp","www.ell.com.cn",144.00,144.00,2010-12-29 20:55:48,"1","",.00,"","","00010012","英语学习期刊、图书费",,"","",""
"TS77341654","grace","fltrp","www.ell.com.cn",6.00,6.00,2011-01-07 12:35:10,"1","",.00,"","","00010012","英语学习期刊、图书费",,"","http://www.baidu.com/s?tn=haokan123&wd=%D3%A2%D3%EF%D1%A7%CF%B0%D4%D3%D6%BE","www.baidu.com"
"TS68261633","minnie0914","fltrp","www.ell.com.cn",72.00,72.00,2011-01-09 10:19:46,"1","",.00,"","","00010012","英语学习期刊、图书费",,"已发货","",""
"TS46883343","Downforce","fltrp","www.ell.com.cn",144.00,144.00,2011-01-09 17:20:17,"1","",.00,"","","00010012","英语学习期刊、图书费",,"已发货","",""
"TS35444013","shellyyang","fltrp","www.ell.com.cn",25.00,25.00,2011-01-10 23:22:43,"1","",.00,"","","00010012","英语学习期刊、图书费",,"","",""
"TS81536424","wangaiqin","fltrp","www.ell.com.cn",360.00,360.00,2011-01-14 14:33:24,"1","",.00,"","","00010012","英语学习期刊、图书费",,"","",""
"TS18885250","wangaiqin","fltrp","www.ell.com.cn",72.00,72.00,2011-01-14 14:33:52,"1","",.00,"","","00010012","英语学习期刊、图书费",,"","",""
"TS24014226","wangaiqin","fltrp","www.ell.com.cn",288.00,288.00,2011-01-14 14:35:23,"1","",.00,"","","00010012","英语学习期刊、图书费",,"","",""
"TS08720381","wangaiqin","fltrp","www.ell.com.cn",72.00,72.00,2011-01-14 14:35:56,"1","",.00,"","","00010012","英语学习期刊、图书费",,"","",""
"TS18024145","jingyimian","fltrp","www.ell.com.cn",97.00,97.00,2011-01-15 11:53:33,"1","",.00,"","","00010012","英语学习期刊、图书费",,"已发货","http://www.baidu.com/s?tn=sayh_1_dg&bs=%D3%A2%D3%EF%D1%A7%CF%B0&f=8&wd=%D3%A2%D3%EF%D1%A7%CF%B0%D4%D3%D6%BE","www.baidu.com"
"TS32377200","durunzheng","fltrp","www.ell.com.cn",6.00,6.00,2011-01-16 17:53:31,"1","",.00,"","","00010012","英语学习期刊、图书费",,"","",""
"TS21810856","sasaki2000","fltrp","www.ell.com.cn",144.00,144.00,2011-01-17 00:23:14,"1","",.00,"","","00010012","英语学习期刊、图书费",,"已发货","",""
"TS52628448","anniegoodluck","fltrp","www.ell.com.cn",72.00,72.00,2011-01-20 15:17:55,"1","",.00,"","","00010012","英语学习期刊、图书费",,"已发货","http://www.fltrp.com/scrp/product_more.cfm?qtype=4&scid=JDDX&sModule=大学","www.fltrp.com"
"TS48831816","miaojudy","fltrp","www.ell.com.cn",144.00,144.00,2011-01-24 16:46:02,"1","",.00,"","","00010012","英语学习期刊、图书费",,"","http://www.fltrp.com/scrp/product_more.cfm?qtype=7&qmode=series&keyword=銆婅嫳璇涔犮€嬪叏骞磋闃","www.fltrp.com"
"TS61463080","timapril","fltrp","www.ell.com.cn",144.00,144.00,2010-11-26 12:25:20,"1","",.00,"","","00010012","英语学习期刊、图书费",,"已发货","http://www.baidu.com/s?wd=%D3%A2%D3%EF%D1%A7%CF%B0+%D4%D3%D6%BE&ch=&tn=360se_dg&bar=&oq=%A1%B6%D3%A2%D3%EF%D1%A7%CF%B0%A1%B7&rsp=0&f=3&sugT=20998","www.baidu.com"
"TS21104661","QFMY11","fltrp","www.ell.com.cn",72.00,72.00,2010-11-28 11:15:01,"1","",.00,"","","00010012","英语学习期刊、图书费",,"","",""
"TS60816086","QQ289268266","fltrp","www.ell.com.cn",144.00,144.00,2010-11-28 19:29:09,"1","",.00,"","","00010012","英语学习期刊、图书费",,"","",""
"TS72656072","sdzblnz","fltrp","www.ell.com.cn",6.00,6.00,2010-11-30 20:47:37,"1","",.00,"","","00010012","英语学习期刊、图书费",,"","",""
"TS77462467","mzhgh","fltrp","www.ell.com.cn",78.00,78.00,2010-12-02 15:49:28,"1","",.00,"","","00010012","英语学习期刊、图书费",,"已发货","",""
"TS78788085","corwin_zhang","fltrp","www.ell.com.cn",72.00,72.00,2010-12-04 11:07:04,"1","",.00,"","","00010012","英语学习期刊、图书费",,"","",""
"TS00512467","yokideng","fltrp","www.ell.com.cn",12.00,12.00,2010-12-30 14:59:25,"1","",.00,"","","00010012","英语学习期刊、图书费",,"","",""
"TS01712421","hbwhu","fltrp","www.ell.com.cn",37.00,37.00,2010-12-07 17:42:28,"1","",.00,"","","00010012","英语学习期刊、图书费",,"已发货","http://www.baidu.com/s?wd=%A1%B6%D3%A2%D3%EF%D1%A7%CF%B0%A1%B7&word=%A1%B6%D3%A2%D3%EF%D1%A7%CF%B0%A1%B7&tn=sitehao123","www.baidu.com"
"TS07085617","lauraqd","fltrp","www.ell.com.cn",72.00,72.00,2010-12-30 10:56:24,"1","",.00,"","","00010012","英语学习期刊、图书费",,"已发货","http://www.fltrp.com/scrp/product_more.cfm","www.fltrp.com"
"TS35657667","cyhuang9088","fltrp","www.ell.com.cn",144.00,144.00,2010-12-12 19:50:37,"1","",.00,"","","00010012","英语学习期刊、图书费",,"","",""
"TS47781227","lily2534","fltrp","www.ell.com.cn",25.00,25.00,2010-12-12 20:52:13,"1","",.00,"","","00010012","英语学习期刊、图书费",,"","",""
"TS16100255","qhh51","fltrp","www.ell.com.cn",78.00,78.00,2010-12-13 15:25:50,"1","",.00,"","","00010012","英语学习期刊、图书费",,"已发货","http://www.baidu.com/s?tn=baidusite&bs=%A1%B6English+Language+Learning%A1%B7&f=8&wd=%A1%B6%D3%A2%D3%EF%D1%A7%CF%B0%A1%B7","www.baidu.com"
"TS76655368","jzcy96","fltrp","www.ell.com.cn",6.00,6.00,2010-12-14 13:37:10,"1","",.00,"","","00010012","英语学习期刊、图书费",,"","http://www.baidu.com/s?tn=site5566&word=%D3%A2%D3%EF%D1%A7%CF%B0+%D1%F4%B9%E2","www.baidu.com"
"TS42475284","qibiling","fltrp","www.ell.com.cn",72.00,72.00,2010-12-16 13:29:27,"1","",.00,"","","00010012","英语学习期刊、图书费",,"","http://www.google.com.hk/search?q=%E8%8B%B1%E8%AF%AD%E5%AD%A6%E4%B9%A0+%E6%9D%82%E5%BF%97&hl=zh-CN&source=hp&aq=f&aqi=g-g5&aql=&oq=&gs_rfai=","www.google.com.hk"
"TS78378061","devilsapple","fltrp","www.ell.com.cn",6.00,6.00,2010-12-18 09:06:11,"1","",.00,"","","00010012","英语学习期刊、图书费",,"","http://zhidao.baidu.com/question/108746425.html?si=2","zhidao.baidu.com"
"TS11841525","hdyang","fltrp","www.ell.com.cn",25.00,25.00,2010-12-18 00:54:36,"1","",.00,"","","00010012","英语学习期刊、图书费",,"","",""
"TS75630387","annzimmern","fltrp","www.ell.com.cn",72.00,72.00,2010-12-18 13:43:08,"1","",.00,"","","00010012","英语学习期刊、图书费",,"已发货","",""
"TS00033028","mengqiang","fltrp","www.ell.com.cn",25.00,25.00,2010-12-20 15:59:42,"1","",.00,"","","00010012","英语学习期刊、图书费",,"","",""
"TS41874203","xbyq38168941","fltrp","www.ell.com.cn",25.00,25.00,2010-12-22 13:07:56,"1","",.00,"","","00010012","英语学习期刊、图书费",,"","",""
"TS32763871","ammeyjohn","fltrp","www.ell.com.cn",12.00,12.00,2011-01-02 13:11:53,"1","",.00,"","","00010012","英语学习期刊、图书费",,"","",""
"TS22053757","xieyuwen","fltrp","www.ell.com.cn",6.00,6.00,2010-12-26 15:59:54,"1","",.00,"","","00010012","英语学习期刊、图书费",,"已发货","http://www.baidu.com/s?bs=%D3%A2%D3%EF%D1%A7%CF%B0+%D1%F4%B9%E2%D3%A2%D3%EF&f=8&wd=%D3%A2%D3%EF%D1%A7%CF%B0+%D0%C2%C8%F1%D3%A2%D3%EF","www.baidu.com"
"TS54303126","sherryxuan","fltrp","www.ell.com.cn",72.00,72.00,2010-12-28 23:23:50,"1","",.00,"","","00010012","英语学习期刊、图书费",,"已发货","",""
"TS44072788","hanson8311880","fltrp","www.ell.com.cn",72.00,72.00,2011-01-07 00:58:08,"1","",.00,"","","00010012","英语学习期刊、图书费",,"","",""
"TS47527845","wmhdream","fltrp","www.ell.com.cn",25.00,25.00,2011-01-07 20:51:03,"1","",.00,"","","00010012","英语学习期刊、图书费",,"已发货","",""
"TS81516274","lijingtao","fltrp","www.ell.com.cn",6.00,6.00,2011-01-11 15:24:23,"1","",.00,"","","00010012","英语学习期刊、图书费",,"已发货","http://www.baidu.com/s?bs=%D3%A2%D3%EF%D1%A7%CF%B0&f=3&wd=%D3%A2%D3%EF%D1%A7%CF%B0%D4%D3%D6%BE&oq=%D3%A2%D3%EF%D1%A7%CF%B0za&rsp=0&sugT=8657","www.baidu.com"
"TS14332310","c38168941j","fltrp","www.ell.com.cn",25.00,25.00,2011-01-13 15:53:23,"1","",.00,"","","00010012","英语学习期刊、图书费",,"已发货","",""
"TS36580654","c38168941j","fltrp","www.ell.com.cn",25.00,25.00,2011-01-13 16:06:06,"1","",.00,"","","00010012","英语学习期刊、图书费",,"已发货","",""
"TS22430282","yangchenxi0717","fltrp","www.ell.com.cn",6.00,6.00,2011-01-16 19:44:14,"1","",.00,"","","00010012","英语学习期刊、图书费",,"","http://www.fltrp.com/scrp/bookdetail.cfm?iBookNo=7684&sYc=1-1","www.fltrp.com"
"TS82836151","parkson1987","fltrp","www.ell.com.cn",6.00,6.00,2010-11-29 18:10:54,"1","",.00,"","","00010012","英语学习期刊、图书费",,"已发货","http://www.baidu.com/s?bs=%D4%D3%D6%BE+%CF%C2%D4%D8&f=8&wd=%D3%A2%D3%EF%D1%A7%CF%B0%D4%D3%D6%BE","www.baidu.com"
"TS00331088","bob79","fltrp","www.ell.com.cn",24.00,24.00,2010-11-30 18:11:10,"1","",.00,"","","00010012","英语学习期刊、图书费",,"已发货","http://www.baidu.com/s?wd=%D3%A2%D3%EF%D1%A7%CF%B0+%D4%D3%D6%BE&oq=%D3%A2%D3%EF%D1%A7%CF%B0+&rsp=0&f=3&sugT=10094","www.baidu.com"
"TS08526345","mingxin85","fltrp","www.ell.com.cn",6.00,6.00,2010-12-01 10:30:34,"1","",.00,"","","00010012","英语学习期刊、图书费",,"已发货","http://www.baidu.com/s?bs=%D3%A2%D3%EF%D1%A7%CF%B0&f=8&wd=%D3%A2%D3%EF%D1%A7%CF%B0%D4%D3%D6%BE","www.baidu.com"
"TS05266137","highmoon","fltrp","www.ell.com.cn",72.00,72.00,2010-12-02 08:48:32,"1","",.00,"","","00010012","英语学习期刊、图书费",,"已发货","",""
"TS88334066","cathy.lee","fltrp","www.ell.com.cn",216.00,216.00,2010-12-02 16:02:39,"1","",.00,"","","00010012","英语学习期刊、图书费",,"","",""
"TS60631423","qilongzhu","fltrp","www.ell.com.cn",12.00,12.00,2010-12-05 12:25:15,"1","",.00,"","","00010012","英语学习期刊、图书费",,"已发货","http://www.baidu.com/s?bs=%D3%A2%D3%EF%D1%A7%CF%B0&f=8&wd=%D3%A2%D3%EF%D1%A7%CF%B0%D4%D3%D6%BE","www.baidu.com"
"TS44640204","LL52sky","fltrp","www.ell.com.cn",72.00,72.00,2010-12-11 10:44:49,"1","",.00,"","","00010012","英语学习期刊、图书费",,"已发货","",""
"TS68725663","phoebeyf","fltrp","www.ell.com.cn",24.00,24.00,2010-12-17 09:26:45,"1","",.00,"","","00010012","英语学习期刊、图书费",,"已发货","",""
"TS22584248","stdaren","fltrp","www.ell.com.cn",72.00,72.00,2010-12-19 19:54:20,"1","",.00,"","","00010012","英语学习期刊、图书费",,"已发货","http://www.baidu.com/s?tn=ylmf_4_pg&ch=4&bs=%C4%C4%D0%A9%D3%A2%CE%C4%D6%DC%BF%AF%BD%E9%C9%DC%D2%D5%CA%F5&f=8&wd=%D3%A2%D3%EF%D1%A7%CF%B0%D4%D3%D6%BE","www.baidu.com"
"TS05432460","fpqcas","fltrp","www.ell.com.cn",144.00,144.00,2010-12-28 18:03:57,"1","",.00,"","","00010012","英语学习期刊、图书费",,"","http://www.baidu.com/s?wd=ELL","www.baidu.com"
"TS01506385","arboogwan","fltrp","www.ell.com.cn",25.00,25.00,2011-01-07 13:08:30,"1","",.00,"","","00010012","英语学习期刊、图书费",,"","http://www.fltrp.com/scrp/bookdetail.cfm?iBookNo=28060&sYc=1-1","www.fltrp.com"
"TS66240638","pass111","fltrp","www.ell.com.cn",72.00,72.00,2011-01-09 10:49:04,"1","",.00,"","","00010012","英语学习期刊、图书费",,"已发货","",""
"TS15832632","haiyan1973","fltrp","www.ell.com.cn",6.00,6.00,2011-01-13 20:59:34,"1","",.00,"","","00010012","英语学习期刊、图书费",,"","http://www.fltrp.com/scrp/bookdetail.cfm?iBookno=7682&sYc=1-1","www.fltrp.com"
"TS11573736","taomy","fltrp","www.ell.com.cn",6.00,6.00,2011-01-19 23:19:13,"1","",.00,"","","00010012","英语学习期刊、图书费",,"","http://www.baidu.com/baidu?word=%E8%8B%B1%E8%AF%AD%E5%AD%A6%E4%B9%A0%E6%9D%82%E5%BF%97&tn=ylmf_2_dg&ie=utf-8","www.baidu.com"
"TS34056288","chenlei5508","fltrp","www.ell.com.cn",18.00,18.00,2011-01-20 14:24:02,"1","",.00,"","","00010012","英语学习期刊、图书费",,"","",""
"TS03883723","wenminjia","fltrp","www.ell.com.cn",6.00,6.00,2010-11-18 14:43:36,"1","",.00,"","","00010012","英语学习期刊、图书费",,"已发货","http://www.baidu.com/s?wd=%D3%A2%D3%EF%D1%A7%CF%B0+%D4%D3%D6%BE","www.baidu.com"
"TS80111540","maritimesure","fltrp","www.ell.com.cn",72.00,72.00,2010-12-05 15:11:31,"1","",.00,"","","00010012","英语学习期刊、图书费",,"","",""
"TS50268426","PEGGYCAO","fltrp","www.ell.com.cn",72.00,72.00,2010-11-24 15:54:54,"1","",.00,"","","00010012","英语学习期刊、图书费",,"已发货","http://www.baidu.com/s?wd=%D3%A2%D3%EF%D1%A7%CF%B0+%D4%D3%D6%BE&oq=%D3%A2%D3%EF%D1%A7%CF%B0+&rsp=0&f=3&sugT=17754","www.baidu.com"
"TS48011666","haijun.luck","fltrp","www.ell.com.cn",6.00,6.00,2010-11-28 19:44:16,"1","",.00,"","","00010012","英语学习期刊、图书费",,"","",""
"TS24368687","xulianghong","fltrp","www.ell.com.cn",25.00,25.00,2010-12-06 15:10:10,"1","",.00,"","","00010012","英语学习期刊、图书费",,"已发货","http://www.fltrp.com/scrp/product_more.cfm?qtype=4&sCid=QKYYQN&sModule=《英语学习》全年订阅","www.fltrp.com"
"TS44576344","WuHa_xiong","fltrp","www.ell.com.cn",6.00,6.00,2010-12-05 15:52:10,"1","",.00,"","","00010012","英语学习期刊、图书费",,"已发货","http://www.fltrp.com/scrp/bookdetail.cfm?iBookNo=7623&sYc=1-1","www.fltrp.com"
"TS13703240","traitor","fltrp","www.ell.com.cn",144.00,144.00,2010-12-05 20:12:33,"1","",.00,"","","00010012","英语学习期刊、图书费",,"已发货","http://www.baidu.com/s?bs=%D3%A2%D3%EF%D1%A7%CF%B0&f=8&wd=%D3%A2%D3%EF%D1%A7%CF%B0%D4%D3%D6%BE","www.baidu.com"
"TS25651630","sangjidema","fltrp","www.ell.com.cn",72.00,72.00,2010-12-30 12:01:17,"1","",.00,"","","00010012","英语学习期刊、图书费",,"已发货","",""
"TS47857725","ao_09","fltrp","www.ell.com.cn",18.00,18.00,2010-12-09 23:08:02,"1","",.00,"","","00010012","英语学习期刊、图书费",,"已发货","http://t.sina.com.cn/ymdxn","t.sina.com.cn"
"TS37855022","littlekan","fltrp","www.ell.com.cn",72.00,72.00,2010-12-12 01:17:41,"1","",.00,"","","00010012","英语学习期刊、图书费",,"","",""
"TS35887637","lily2534","fltrp","www.ell.com.cn",25.00,25.00,2010-12-12 20:49:28,"1","",.00,"","","00010012","英语学习期刊、图书费",,"","",""
"TS20381187","enjoy","fltrp","www.ell.com.cn",72.00,72.00,2010-12-13 15:18:48,"1","",.00,"","","00010012","英语学习期刊、图书费",,"","",""
"TS44641073","cqmoss","fltrp","www.ell.com.cn",72.00,72.00,2010-12-13 17:31:42,"1","",.00,"","","00010012","英语学习期刊、图书费",,"已发货","",""
"TS36604288","huangfang720214","fltrp","www.ell.com.cn",72.00,72.00,2010-12-14 16:31:04,"1","",.00,"","","00010012","英语学习期刊、图书费",,"已发货","",""
"TS12430317","Olive_Kong","fltrp","www.ell.com.cn",72.00,72.00,2010-12-15 16:57:22,"1","",.00,"","","00010012","英语学习期刊、图书费",,"已发货","http://www.fltrp.com/scrp/product_more.cfm","www.fltrp.com"
"TS61172428","summerherb","fltrp","www.ell.com.cn",144.00,144.00,2010-12-19 19:19:27,"1","",.00,"","","00010012","英语学习期刊、图书费",,"","http://www.fltrp.com/newsdetail.cfm?icntno=175162&channel=2","www.fltrp.com"
"TS64881667","yue270770831","fltrp","www.ell.com.cn",144.00,144.00,2010-12-19 22:29:24,"1","",.00,"","","00010012","英语学习期刊、图书费",,"","",""
"TS16074041","yokideng","fltrp","www.ell.com.cn",12.00,12.00,2010-12-30 15:16:18,"1","",.00,"","","00010012","英语学习期刊、图书费",,"已发货","",""
"TS20326344","ribbonnie","fltrp","www.ell.com.cn",12.00,12.00,2010-12-23 18:31:37,"1","",.00,"","","00010012","英语学习期刊、图书费",,"","http://zhidao.baidu.com/question/108746425","zhidao.baidu.com"
"TS24105001","xajhls","fltrp","www.ell.com.cn",12.00,12.00,2010-12-31 17:43:15,"1","",.00,"","","00010012","英语学习期刊、图书费",,"","",""
"TS15584333","c157408198","fltrp","www.ell.com.cn",72.00,72.00,2011-01-02 21:25:02,"1","",.00,"","","00010012","英语学习期刊、图书费",,"已发货","",""
"TS75108565","liveandlearn123","fltrp","www.ell.com.cn",6.00,6.00,2011-01-05 11:31:37,"1","",.00,"","","00010012","英语学习期刊、图书费",,"","",""
"TS57675788","qq289268266","fltrp","www.ell.com.cn",72.00,72.00,2010-11-24 18:46:23,"1","",.00,"","","00010012","英语学习期刊、图书费",,"","",""
"TS45631758","xiaolin0812","fltrp","www.ell.com.cn",6.00,6.00,2010-11-23 12:27:38,"1","",.00,"","","00010012","英语学习期刊、图书费",,"","http://zhidao.baidu.com/question/5860747.html","zhidao.baidu.com"
"TS72811215","einstein318","fltrp","www.ell.com.cn",12.00,12.00,2010-11-24 00:09:51,"1","",.00,"","","00010012","英语学习期刊、图书费",,"","",""
"TS87531734","Bella","fltrp","www.ell.com.cn",72.00,72.00,2010-11-25 21:22:26,"1","",.00,"","","00010012","英语学习期刊、图书费",,"","",""
"TS32245855","lucky1984","fltrp","www.ell.com.cn",12.00,12.00,2010-11-28 17:52:03,"1","",.00,"","","00010012","英语学习期刊、图书费",,"","http://www.baidu.com/s?wd=%D3%A2%D3%EF%D1%A7%CF%B0+%D4%D3%D6%BE&oq=%D3%A2%D3%EF%D1%A7%CF%B0+&rsp=0&f=3&sugT=9141","www.baidu.com"
"TS83636713","shanlifang123456","fltrp","www.ell.com.cn",84.00,84.00,2010-12-05 10:10:54,"1","",.00,"","","00010012","英语学习期刊、图书费",,"已发货","http://www.baidu.com/s?tn=baidu_mysobar_pg&bs=%D3%A2%D3%EF%D1%A7%CF%B0%28%D1%F4%B9%E2%D3%A2%D3%EF%29&f=3&wd=%D3%A2%D3%EF%D1%A7%CF%B0+%D4%D3%D6%BE&oq=%D3%A2%D3%EF%D1%A7%CF%B0%28&rsp=0&sugT=6171","www.baidu.com"
"TS28866604","cqurose","fltrp","www.ell.com.cn",72.00,72.00,2010-12-03 14:52:15,"1","",.00,"","","00010012","英语学习期刊、图书费",,"已发货","http://www.baidu.com/s?tn=sogouie_dg&bs=%D3%A2%D3%EF%D1%A7%CF%B0%D4%D3%D6%BE&f=8&wd=%D1%F4%B9%E2%D3%A2%D3%EF","www.baidu.com"
"TS28534104","Toscana","fltrp","www.ell.com.cn",288.00,288.00,2010-12-06 21:24:02,"1","",.00,"","","00010012","英语学习期刊、图书费",,"已发货","",""
"TS77188762","lihan","fltrp","www.ell.com.cn",6.00,6.00,2010-12-07 17:39:28,"1","",.00,"","","00010012","英语学习期刊、图书费",,"","http://www.sogou.com/sogou?query=www.ell.com%A1%A3cn&_ast=1291713536&_asf=www.sogou.com&w=01029901&num=10&pid=AQxRG&duppid=1&p=50040113&dp=1","www.sogou.com"
"TS43052768","cactuszhh","fltrp","www.ell.com.cn",72.00,72.00,2010-12-08 15:31:41,"1","",.00,"","","00010012","英语学习期刊、图书费",,"已发货","http://www.baidu.com/s?wd=%D4%D3%D6%BE+%D3%A2%D3%EF%D1%A7%CF%B0+%CD%F8%D5%BE","www.baidu.com"
"TS00501458","wonderfulevelyn","fltrp","www.ell.com.cn",72.00,72.00,2010-12-09 15:25:21,"1","",.00,"","","00010012","英语学习期刊、图书费",,"","http://www.baidu.com/s?bs=%D3%A2%D3%EF%D1%A7%CF%B0&f=8&wd=%D3%A2%D3%EF%D1%A7%CF%B0%D4%D3%D6%BE","www.baidu.com"
"TS24505457","miaododo","fltrp","www.ell.com.cn",144.00,144.00,2010-12-12 10:36:19,"1","",.00,"","","00010012","英语学习期刊、图书费",,"","",""
"TS40011047","zhulipinglawyer","fltrp","www.ell.com.cn",72.00,72.00,2010-12-12 18:13:40,"1","",.00,"","","00010012","英语学习期刊、图书费",,"","http://www.fltrp.com/scrp/bookdetail.cfm?iBookNo=7642&sYc=1-1","www.fltrp.com"
"TS48231235","congjk","fltrp","www.ell.com.cn",144.00,144.00,2010-12-17 16:42:18,"1","",.00,"","","00010012","英语学习期刊、图书费",,"已发货","http://www.baidu.com/s?wd=%D3%A2%D3%EF%D1%A7%CF%B0%D4%D3%D6%BE","www.baidu.com"
"TS80851736","qinjianliang","fltrp","www.ell.com.cn",72.00,72.00,2011-01-07 14:31:31,"1","",.00,"","","00010012","英语学习期刊、图书费",,"","",""
"TS53823086","jerrywang","fltrp","www.ell.com.cn",72.00,72.00,2010-12-28 15:54:35,"1","",.00,"","","00010012","英语学习期刊、图书费",,"","http://www.fltrp.com/scrp/bookdetail.cfm?iBookNo=7642&sYc=1-1","www.fltrp.com"
"TS74225778","roshine","fltrp","www.ell.com.cn",144.00,144.00,2010-12-31 19:25:26,"1","",.00,"","","00010012","英语学习期刊、图书费",,"已发货","",""
"TS12651286","jlmll","fltrp","www.ell.com.cn",72.00,72.00,2010-12-31 20:34:28,"1","",.00,"","","00010012","英语学习期刊、图书费",,"已发货","",""
"TS01085170","zhong_jingjie","fltrp","www.ell.com.cn",144.00,144.00,2011-01-05 13:09:18,"1","",.00,"","","00010012","英语学习期刊、图书费",,"","http://www.google.be/search?hl=zh-CN&biw=1003&bih=593&q=%E8%8B%B1%E8%AF%AD%E5%AD%A6%E4%B9%A0%E6%9D%82%E5%BF%97+%E7%BD%91%E7%AB%99&aq=f&aqi=&aql=&oq=&gs_rfai=","www.google.be"
"TS42072728","shawrin","fltrp","www.ell.com.cn",72.00,72.00,2011-01-05 15:03:20,"1","",.00,"","","00010012","英语学习期刊、图书费",,"","",""
"TS02102284","zyolive1895","fltrp","www.ell.com.cn",97.00,97.00,2011-01-05 17:10:52,"1","",.00,"","","00010012","英语学习期刊、图书费",,"","http://www.baidu.com/s?wd=%D3%A2%D3%EF%D1%A7%CF%B0&pn=20&usm=3","www.baidu.com"
"TS22588830","alex13","fltrp","www.ell.com.cn",72.00,72.00,2011-01-10 21:40:42,"1","",.00,"","","00010012","英语学习期刊、图书费",,"已发货","",""
"TS01264224","liveandlearn123","fltrp","www.ell.com.cn",6.00,6.00,2011-01-08 15:04:51,"1","",.00,"","","00010012","英语学习期刊、图书费",,"已发货","",""
"TS67646454","limyao","fltrp","www.ell.com.cn",72.00,72.00,2011-01-11 16:43:13,"1","",.00,"","","00010012","英语学习期刊、图书费",,"","",""
"TS24820050","haiyan1973","fltrp","www.ell.com.cn",6.00,6.00,2011-01-13 20:43:59,"1","",.00,"","","00010012","英语学习期刊、图书费",,"","http://www.fltrp.com/scrp/bookdetail.cfm?iBookno=7682&sYc=1-1","www.fltrp.com"
"TS55608651","candy12368","fltrp","www.ell.com.cn",6.00,6.00,2011-01-16 20:58:00,"1","",.00,"","","00010012","英语学习期刊、图书费",,"","http://www.baidu.com/s?wd=%D3%A2%D3%EF%D1%A7%CF%B0%B6%A9%D4%C4&word=%D3%A2%D3%EF%D1%A7%CF%B0%B6%A9%D4%C4&tn=sitehao123","www.baidu.com"
"TS11657762","fannylove127","fltrp","www.ell.com.cn",6.00,6.00,2011-01-16 15:12:09,"1","",.00,"","","00010012","英语学习期刊、图书费",,"","",""
"TS28566801","alberten","fltrp","www.ell.com.cn",72.00,72.00,2011-01-20 19:06:08,"1","",.00,"","","00010012","英语学习期刊、图书费",,"已发货","http://zhidao.baidu.com/question/108746425.html","zhidao.baidu.com"
"TS56335331","zhangnan1896","fltrp","www.ell.com.cn",72.00,72.00,2011-01-20 16:03:31,"1","",.00,"","","00010012","英语学习期刊、图书费",,"已发货","",""
"TS35517754","cizluo","fltrp","www.ell.com.cn",72.00,72.00,2011-01-21 22:37:30,"1","",.00,"","","00010012","英语学习期刊、图书费",,"已发货","",""
"TS65485852","zhangshijia2000","fltrp","www.ell.com.cn",30.00,30.00,2010-11-19 15:48:58,"1","",.00,"","","00010012","英语学习期刊、图书费",,"已发货","",""
"TS03708650","xiaolin0812","fltrp","www.ell.com.cn",6.00,6.00,2010-11-24 09:13:39,"1","",.00,"","","00010012","英语学习期刊、图书费",,"","",""
"TS00021476","vague","fltrp","www.ell.com.cn",50.00,50.00,2010-11-24 21:15:48,"1","",.00,"","","00010012","英语学习期刊、图书费",,"已发货","http://202.102.29.38/view/afd8sdlfd/index.aspx","202.102.29.38"
"TS24802026","jspzxhm","fltrp","www.ell.com.cn",72.00,72.00,2010-11-26 07:32:33,"1","",.00,"","","00010012","英语学习期刊、图书费",,"已发货","",""
"TS06326875","zxysky888","fltrp","www.ell.com.cn",72.00,72.00,2010-11-27 12:09:34,"1","",.00,"","","00010012","英语学习期刊、图书费",,"","http://www.baidu.com/s?wd=%D1%F4%B9%E2%D3%A2%D3%EF&ch=&tn=3man_pg&bar=","www.baidu.com"
"TS84184815","QQ289268266","fltrp","www.ell.com.cn",72.00,72.00,2010-11-28 19:30:05,"1","",.00,"","","00010012","英语学习期刊、图书费",,"","",""
"TS33752183","tsonloop","fltrp","www.ell.com.cn",72.00,72.00,2010-11-29 22:42:57,"1","",.00,"","","00010012","英语学习期刊、图书费",,"已发货","",""
"TS12781628","cathy.lee","fltrp","www.ell.com.cn",216.00,216.00,2010-12-02 15:54:59,"1","",.00,"","","00010012","英语学习期刊、图书费",,"","",""
"TS43453215","liuli","fltrp","www.ell.com.cn",72.00,72.00,2010-12-03 19:01:28,"1","",.00,"","","00010012","英语学习期刊、图书费",,"已发货","http://www.fltrp.com/newsdetail.cfm?icntno=109143","www.fltrp.com"
"TS77314488","carlingchang","fltrp","www.ell.com.cn",18.00,18.00,2010-12-06 18:23:54,"1","",.00,"","","00010012","英语学习期刊、图书费",,"已发货","",""
"TS30756071","yokideng","fltrp","www.ell.com.cn",12.00,12.00,2010-12-30 15:05:33,"1","",.00,"","","00010012","英语学习期刊、图书费",,"","",""
"TS36314834","sherlockfathair","fltrp","www.ell.com.cn",288.00,288.00,2010-12-12 07:47:03,"1","",.00,"","","00010012","英语学习期刊、图书费",,"已发货","",""
"TS42404806","snowfly17","fltrp","www.ell.com.cn",144.00,144.00,2010-12-13 19:40:51,"1","",.00,"","","00010012","英语学习期刊、图书费",,"已发货","http://www.baidu.com/s?bs=%D3%A2%D3%EF%D1%A7%CF%B0&tn=sitehao123&f=8&wd=%D3%A2%D3%EF%D1%A7%CF%B0%D4%D3%D6%BE","www.baidu.com"
"TS40623223","totti0216","fltrp","www.ell.com.cn",72.00,72.00,2010-12-18 16:33:10,"1","",.00,"","","00010012","英语学习期刊、图书费",,"已发货","",""
"TS37182120","ribbonnie","fltrp","www.ell.com.cn",25.00,25.00,2010-12-23 13:42:50,"1","",.00,"","","00010012","英语学习期刊、图书费",,"","http://zhidao.baidu.com/question/108746425","zhidao.baidu.com"
"TS85207678","wangxunan","fltrp","www.ell.com.cn",72.00,72.00,2010-12-20 15:12:29,"1","",.00,"","","00010012","英语学习期刊、图书费",,"","",""
"TS65368780","zhaolili","fltrp","www.ell.com.cn",288.00,288.00,2010-12-28 08:00:27,"1","",.00,"","","00010012","英语学习期刊、图书费",,"","",""
"TS13270081","evelyn","fltrp","www.ell.com.cn",72.00,72.00,2010-12-29 20:56:15,"1","",.00,"","","00010012","英语学习期刊、图书费",,"","",""
"TS78806102","suntaoelegance","fltrp","www.ell.com.cn",72.00,72.00,2010-12-31 11:11:27,"1","",.00,"","","00010012","英语学习期刊、图书费",,"","http://www.baidu.com/s?wd=%D3%A2%D3%EF%D1%A7%CF%B0%D4%D3%D6%BE&word=%D3%A2%D3%EF%D1%A7%CF%B0%D4%D3%D6%BE&tn=sitehao123","www.baidu.com"
"TS55043387","xajhlsls","fltrp","www.ell.com.cn",12.00,12.00,2011-01-01 08:28:25,"1","",.00,"","","00010012","英语学习期刊、图书费",,"已发货","",""
"TS57141104","geoffreyyu","fltrp","www.ell.com.cn",72.00,72.00,2011-01-09 09:13:28,"1","",.00,"","","00010012","英语学习期刊、图书费",,"已发货","http://www.fltrp.com/","www.fltrp.com"
"TS52163504","daguoloveyou","fltrp","www.ell.com.cn",6.00,6.00,2011-01-14 20:20:40,"1","",.00,"","","00010012","英语学习期刊、图书费",,"","http://www.baidu.com/s?wd=www.ell.cn&word=www.ell.cn&tn=sitehao123","www.baidu.com"
"TS23341425","loveofoak","fltrp","www.ell.com.cn",12.00,12.00,2011-01-18 21:38:25,"1","",.00,"","","00010012","英语学习期刊、图书费",,"已发货","",""
"TS05227416","fancy_G","fltrp","www.ell.com.cn",72.00,72.00,2011-01-24 11:16:25,"1","",.00,"","","00010012","英语学习期刊、图书费",,"已发货","http://www.baidu.com/s?word=鑻辫瀛︿範鏉傚織&tn=comhao123","www.baidu.com"
"TS10370832","XIADUOLA","fltrp","www.ell.com.cn",6.00,6.00,2011-01-25 10:58:04,"1","",.00,"","","00010012","英语学习期刊、图书费",,"","",""
"TS40351783","leslielv","fltrp","www.ell.com.cn",72.00,72.00,2010-11-19 17:44:20,"1","",.00,"","","00010012","英语学习期刊、图书费",,"","http://www.google.com.hk/search?hl=zh-CN&source=hp&biw=1362&bih=569&q=ell&aq=f&aqi=&aql=&oq=&gs_rfai=","www.google.com.hk"
"TS74775354","starryliucn","fltrp","www.ell.com.cn",72.00,72.00,2010-11-29 14:29:19,"1","",.00,"","","00010012","英语学习期刊、图书费",,"","",""
"TS15251468","viper","fltrp","www.ell.com.cn",72.00,72.00,2010-12-01 12:23:55,"1","",.00,"","","00010012","英语学习期刊、图书费",,"","http://www.baidu.com/s?tn=myie2&ch=1&bs=%CE%CA%CC%EC%CD%F8&f=3&wd=%D3%A2%D3%EF%D1%A7%CF%B0+%D4%D3%D6%BE&oq=%D3%A2%D3%EF%D1%A7%CF%B0+&rsp=0&sugT=13531","www.baidu.com"
"TS32253318","simway","fltrp","www.ell.com.cn",72.00,72.00,2010-12-02 08:28:18,"1","",.00,"","","00010012","英语学习期刊、图书费",,"已发货","http://www.fltrp.com/scrp/bookdetail.cfm?iBookNo=7642&sYc=1-1","www.fltrp.com"
"TS04575136","xiaoyakm","fltrp","www.ell.com.cn",72.00,72.00,2010-12-10 11:15:50,"1","",.00,"","","00010012","英语学习期刊、图书费",,"","http://www.baidu.com/s?bs=%D3%A2%D3%EF%D1%A7%CF%B0&f=8&wd=%A1%B6%D3%A2%D3%EF%D1%A7%CF%B0%A1%B7","www.baidu.com"
"TS55140466","daggeranleilei","fltrp","www.ell.com.cn",144.00,144.00,2010-12-03 11:24:00,"1","",.00,"","","00010012","英语学习期刊、图书费",,"","http://www.baidu.com/s?tn=site888_pg&bs=%D3%A2%D3%EF%D1%A7%CF%B0&f=8&wd=%D3%A2%D3%EF%D1%A7%CF%B0%D4%D3%D6%BE","www.baidu.com"
"TS86452066","daggeranleilei","fltrp","www.ell.com.cn",72.00,72.00,2010-12-03 11:26:30,"1","",.00,"","","00010012","英语学习期刊、图书费",,"","http://www.baidu.com/s?tn=site888_pg&bs=%D3%A2%D3%EF%D1%A7%CF%B0&f=8&wd=%D3%A2%D3%EF%D1%A7%CF%B0%D4%D3%D6%BE","www.baidu.com"
"TS00422536","bjx_pucca","fltrp","www.ell.com.cn",288.00,288.00,2010-12-30 10:28:54,"1","",.00,"","","00010012","英语学习期刊、图书费",,"已发货","",""
"TS84116612","kelody","fltrp","www.ell.com.cn",144.00,144.00,2010-12-05 19:40:05,"1","",.00,"","","00010012","英语学习期刊、图书费",,"已发货","http://www.google.com.hk/search?hl=zh-CN&source=hp&biw=1276&bih=850&q=%E8%8B%B1%E8%AF%AD%E5%AD%A6%E4%B9%A0&aq=f&aqi=g10&aql=&oq=&gs_rfai=","www.google.com.hk"
"TS23660006","marklailai","fltrp","www.ell.com.cn",72.00,72.00,2010-12-07 13:11:58,"1","",.00,"","","00010012","英语学习期刊、图书费",,"已发货","http://www.baidu.com/s?tn=ichuner_1_dg&bs=%D3%A2%D3%EF%D1%A7%CF%B0&f=8&wd=%D1%F4%B9%E2%D3%A2%D3%EF","www.baidu.com"
"TS55045604","yang1064721919","fltrp","www.ell.com.cn",72.00,72.00,2010-12-10 11:57:33,"1","",.00,"","","00010012","英语学习期刊、图书费",,"","http://www.fltrp.com/newsdetail.cfm?icntno=109143","www.fltrp.com"
"TS24002660","yxqrose","fltrp","www.ell.com.cn",25.00,25.00,2010-12-15 09:13:50,"1","",.00,"","","00010012","英语学习期刊、图书费",,"","http://www.baidu.com/s?wd=%D3%A2%D3%EF%D1%A7%CF%B0+%D4%D3%D6%BE","www.baidu.com"
"TS53631738","yaoyingzhi","fltrp","www.ell.com.cn",18.00,18.00,2010-12-16 15:28:05,"1","",.00,"","","00010012","英语学习期刊、图书费",,"已发货","",""
"TS10266315","shining20040806","fltrp","www.ell.com.cn",144.00,144.00,2010-12-17 12:25:02,"1","",.00,"","","00010012","英语学习期刊、图书费",,"","",""
"TS23236874","snaior","fltrp","www.ell.com.cn",72.00,72.00,2010-12-19 23:07:23,"1","",.00,"","","00010012","英语学习期刊、图书费",,"","http://www.baidu.com/s?tn=baidu_my_pg&bs=%D3%A2%D3%EF%D1%A7%CF%B0&f=3&wd=%D3%A2%D3%EF%D1%A7%CF%B0%D4%D3%D6%BE&oq=%D3%A2%D3%EF%D1%A7%CF%B0za&rsp=0&sugT=3978","www.baidu.com"
"TS86168306","jane_wei","fltrp","www.ell.com.cn",72.00,72.00,2010-12-19 20:44:18,"1","",.00,"","","00010012","英语学习期刊、图书费",,"","http://www.baidu.com/s?bs=%C0%EE%B9%DB%D2%C7+%A1%B6%D3%A2%D3%EF%D1%A7%CF%B0%A1%B7&f=8&wd=%A1%B6%D3%A2%D3%EF%D1%A7%CF%B0%A1%B7","www.baidu.com"
"TS10238736","auraluiz","fltrp","www.ell.com.cn",216.00,216.00,2010-12-27 20:09:53,"1","",.00,"","","00010012","英语学习期刊、图书费",,"","http://www.baidu.com/s?wd=%D3%A2%D3%EF%D1%A7%CF%B0+%B6%A9%D4%C4","www.baidu.com"
"TS28134714","gracejoe","fltrp","www.ell.com.cn",144.00,144.00,2010-12-28 13:34:39,"1","",.00,"","","00010012","英语学习期刊、图书费",,"已发货","http://www.baidu.com/s?wd=%D3%A2%D3%EF%D1%A7%CF%B0+%D0%C2%C8%F1%BF%D5%BC%E4","www.baidu.com"
"TS58617841","fpqcas","fltrp","www.ell.com.cn",72.00,72.00,2010-12-28 18:05:45,"1","",.00,"","","00010012","英语学习期刊、图书费",,"已发货","http://www.baidu.com/s?wd=ell","www.baidu.com"
"TS78435835","herawang1983","fltrp","www.ell.com.cn",78.00,78.00,2011-01-04 09:16:13,"1","",.00,"","","00010012","英语学习期刊、图书费",,"已发货","http://www.fltrp.com/scrp/product_more.cfm","www.fltrp.com"
"TS56624807","ctu117","fltrp","www.ell.com.cn",50.00,50.00,2011-01-05 21:56:45,"1","",.00,"","","00010012","英语学习期刊、图书费",,"","",""
"TS43833527","ctu117","fltrp","www.ell.com.cn",25.00,25.00,2011-01-05 21:57:12,"1","",.00,"","","00010012","英语学习期刊、图书费",,"","",""
"TS33625002","pluto1029","fltrp","www.ell.com.cn",72.00,72.00,2011-01-07 09:26:51,"1","",.00,"","","00010012","英语学习期刊、图书费",,"已发货","",""
"TS54008412","linhaisiji","fltrp","www.ell.com.cn",12.00,12.00,2011-01-07 23:55:47,"1","",.00,"","","00010012","英语学习期刊、图书费",,"","",""
"TS40362571","liveandlearn123","fltrp","www.ell.com.cn",6.00,6.00,2011-01-08 14:20:10,"1","",.00,"","","00010012","英语学习期刊、图书费",,"","",""
"TS56034413","scalette","fltrp","www.ell.com.cn",144.00,144.00,2011-01-11 23:20:43,"1","",.00,"","","00010012","英语学习期刊、图书费",,"已发货","",""
"TS32821578","c38168941j","fltrp","www.ell.com.cn",25.00,25.00,2011-01-09 14:59:32,"1","",.00,"","","00010012","英语学习期刊、图书费",,"已发货","",""
"TS88752547","cristolee","fltrp","www.ell.com.cn",72.00,72.00,2011-01-13 14:47:26,"1","",.00,"","","00010012","英语学习期刊、图书费",,"已发货","http://www.baidu.com/s?bs=%D3%A2%D3%EF%D1%A7%CF%B0&tn=myie2dg&ch=9&f=8&wd=%A1%B6%D3%A2%D3%EF%D1%A7%CF%B0%A1%B7","www.baidu.com"
